"Count","Series","Title","Episode","Year","PlexId","imdb","tmdb","tvdb"
1,"ENT","Broken Bow","1x01","2001","NULL","NULL","NULL","NULL"
2,"ENT","Broken Bow (1)","1x01","2001","NULL","NULL","NULL","NULL"
3,"ENT","Broken Bow (2)","1x02","2001","NULL","NULL","NULL","NULL"
4,"ENT","Broken Bow, Part 1","1x01","2001","NULL","NULL","NULL","NULL"
5,"ENT","Broken Bow, Part 2","1x02","2001","NULL","NULL","NULL","NULL"
6,"ENT","Star Trek Fight or Flight","1x03","2001","NULL","NULL","NULL","NULL"
7,"ENT","Star Trek Strange New World","1x04","2001","NULL","NULL","NULL","NULL"
8,"ENT","Star Trek Unexpected","1x05","2001","NULL","NULL","NULL","NULL"
9,"ENT","Star Trek Terra Nova","1x06","2001","NULL","NULL","NULL","NULL"
10,"ENT","Star Trek The Andorian Incident","1x07","2001","NULL","NULL","NULL","NULL"
11,"ENT","Star Trek Breaking the Ice","1x08","2001","NULL","NULL","NULL","NULL"
12,"ENT","Star Trek Civilization","1x09","2001","NULL","NULL","NULL","NULL"
13,"ENT","Star Trek Fortunate Son","1x10","2001","NULL","NULL","NULL","NULL"
14,"ENT","Star Trek Cold Front","1x11","2001","NULL","NULL","NULL","NULL"
15,"ENT","Star Trek Silent Enemy","1x12","2002","NULL","NULL","NULL","NULL"
16,"ENT","Star Trek Dear Doctor","1x13","2002","NULL","NULL","NULL","NULL"
17,"ENT","Star Trek Sleeping Dogs","1x14","2002","NULL","NULL","NULL","NULL"
18,"ENT","Star Trek Shadows of P'Jem","1x15","2002","NULL","NULL","NULL","NULL"
19,"ENT","Star Trek Shuttlepod One","1x16","2002","NULL","NULL","NULL","NULL"
20,"ENT","Star Trek Fusion","1x17","2002","NULL","NULL","NULL","NULL"
21,"ENT","Star Trek Rogue Planet","1x18","2002","NULL","NULL","NULL","NULL"
22,"ENT","Star Trek Acquisition","1x19","2002","NULL","NULL","NULL","NULL"
23,"ENT","Star Trek Oasis","1x20","2002","NULL","NULL","NULL","NULL"
24,"ENT","Star Trek Detained","1x21","2002","NULL","NULL","NULL","NULL"
25,"ENT","Star Trek Vox Sola","1x22","2002","NULL","NULL","NULL","NULL"
26,"ENT","Star Trek Fallen Hero","1x23","2002","NULL","NULL","NULL","NULL"
27,"ENT","Star Trek Desert Crossing","1x24","2002","NULL","NULL","NULL","NULL"
28,"ENT","Star Trek Two Days and Two Nights","1x25","2002","NULL","NULL","NULL","NULL"
29,"ENT","Shockwave","1x26","2002","NULL","NULL","NULL","NULL"
30,"ENT","Shockwave (1)","1x26","2002","NULL","NULL","NULL","NULL"
31,"ENT","Shockwave (2)","2x01","2002","NULL","NULL","NULL","NULL"
32,"ENT","Shockwave, Part 1","1x26","2002","NULL","NULL","NULL","NULL"
33,"ENT","Shockwave, Part 2","2x01","2002","NULL","NULL","NULL","NULL"
34,"ENT","Star Trek Carbon Creek","2x02","2002","NULL","NULL","NULL","NULL"
35,"ENT","Star Trek Minefield","2x03","2002","NULL","NULL","NULL","NULL"
36,"ENT","Star Trek Dead Stop","2x04","2002","NULL","NULL","NULL","NULL"
37,"ENT","Star Trek A Night in Sickbay","2x05","2002","NULL","NULL","NULL","NULL"
38,"ENT","Star Trek Marauders","2x06","2002","NULL","NULL","NULL","NULL"
39,"ENT","Star Trek The Seventh","2x07","2002","NULL","NULL","NULL","NULL"
40,"ENT","Star Trek The Communicator","2x08","2002","NULL","NULL","NULL","NULL"
41,"ENT","Star Trek Singularity","2x09","2002","NULL","NULL","NULL","NULL"
42,"ENT","Star Trek Vanishing Point","2x10","2002","NULL","NULL","NULL","NULL"
43,"ENT","Star Trek Precious Cargo","2x11","2002","NULL","NULL","NULL","NULL"
44,"ENT","Star Trek The Catwalk","2x12","2002","NULL","NULL","NULL","NULL"
45,"ENT","Star Trek Dawn","2x13","2003","NULL","NULL","NULL","NULL"
46,"ENT","Star Trek Stigma","2x14","2003","NULL","NULL","NULL","NULL"
47,"ENT","Star Trek Cease Fire","2x15","2003","NULL","NULL","NULL","NULL"
48,"ENT","Star Trek Future Tense","2x16","2003","NULL","NULL","NULL","NULL"
49,"ENT","Star Trek Canamar","2x17","2003","NULL","NULL","NULL","NULL"
50,"ENT","Star Trek The Crossing","2x18","2003","NULL","NULL","NULL","NULL"
51,"ENT","Star Trek Judgment","2x19","2003","NULL","NULL","NULL","NULL"
52,"ENT","Star Trek Horizon","2x20","2003","NULL","NULL","NULL","NULL"
53,"ENT","Star Trek The Breach","2x21","2003","NULL","NULL","NULL","NULL"
54,"ENT","Star Trek Cogenitor","2x22","2003","NULL","NULL","NULL","NULL"
55,"ENT","Star Trek Regeneration","2x23","2003","NULL","NULL","NULL","NULL"
56,"ENT","Star Trek First Flight","2x24","2003","NULL","NULL","NULL","NULL"
57,"ENT","Star Trek Bounty","2x25","2003","NULL","NULL","NULL","NULL"
58,"ENT","Star Trek The Expanse","2x26","2003","NULL","NULL","NULL","NULL"
59,"ENT","Star Trek The Xindi","3x01","2003","NULL","NULL","NULL","NULL"
60,"ENT","Star Trek Anomaly","3x02","2003","NULL","NULL","NULL","NULL"
61,"ENT","Star Trek Extinction","3x03","2003","NULL","NULL","NULL","NULL"
62,"ENT","Star Trek Rajiin","3x04","2003","NULL","NULL","NULL","NULL"
63,"ENT","Star Trek Impulse","3x05","2003","NULL","NULL","NULL","NULL"
64,"ENT","Star Trek Exile","3x06","2003","NULL","NULL","NULL","NULL"
65,"ENT","Star Trek The Shipment","3x07","2003","NULL","NULL","NULL","NULL"
66,"ENT","Star Trek Twilight","3x08","2003","NULL","NULL","NULL","NULL"
67,"ENT","Star Trek North Star","3x09","2003","NULL","NULL","NULL","NULL"
68,"ENT","Star Trek Similitude","3x10","2003","NULL","NULL","NULL","NULL"
69,"ENT","Star Trek Carpenter Street","3x11","2003","NULL","NULL","NULL","NULL"
70,"ENT","Star Trek Chosen Realm","3x12","2004","NULL","NULL","NULL","NULL"
71,"ENT","Star Trek Proving Ground","3x13","2004","NULL","NULL","NULL","NULL"
72,"ENT","Star Trek Stratagem","3x14","2004","NULL","NULL","NULL","NULL"
73,"ENT","Star Trek Harbinger","3x15","2004","NULL","NULL","NULL","NULL"
74,"ENT","Star Trek Doctor's Orders","3x16","2004","NULL","NULL","NULL","NULL"
75,"ENT","Star Trek Hatchery","3x17","2004","NULL","NULL","NULL","NULL"
76,"ENT","Star Trek Azati Prime","3x18","2004","NULL","NULL","NULL","NULL"
77,"ENT","Star Trek Damage","3x19","2004","NULL","NULL","NULL","NULL"
78,"ENT","Star Trek The Forgotten","3x20","2004","NULL","NULL","NULL","NULL"
79,"ENT","Star Trek E²","3x21","2004","NULL","NULL","NULL","NULL"
80,"ENT","Star Trek The Council","3x22","2004","NULL","NULL","NULL","NULL"
81,"ENT","Star Trek Countdown","3x23","2004","NULL","NULL","NULL","NULL"
82,"ENT","Star Trek Zero Hour","3x24","2004","NULL","NULL","NULL","NULL"
83,"ENT","Storm Front","4x01","2004","NULL","NULL","NULL","NULL"
84,"ENT","Storm Front (1)","4x01","2004","NULL","NULL","NULL","NULL"
85,"ENT","Storm Front (2)","4x02","2004","NULL","NULL","NULL","NULL"
86,"ENT","Storm Front, Part 1","4x01","2004","NULL","NULL","NULL","NULL"
87,"ENT","Storm Front, Part 2","4x02","2004","NULL","NULL","NULL","NULL"
88,"ENT","Star Trek Home","4x03","2004","NULL","NULL","NULL","NULL"
89,"ENT","Star Trek Borderland","4x04","2004","NULL","NULL","NULL","NULL"
90,"ENT","Star Trek Cold Station 12","4x05","2004","NULL","NULL","NULL","NULL"
91,"ENT","Star Trek The Augments","4x06","2004","NULL","NULL","NULL","NULL"
92,"ENT","Star Trek The Forge","4x07","2004","NULL","NULL","NULL","NULL"
93,"ENT","Star Trek Awakening","4x08","2004","NULL","NULL","NULL","NULL"
94,"ENT","Star Trek Kir'Shara","4x09","2004","NULL","NULL","NULL","NULL"
95,"ENT","Star Trek Daedalus","4x10","2005","NULL","NULL","NULL","NULL"
96,"ENT","Star Trek Observer Effect","4x11","2005","NULL","NULL","NULL","NULL"
97,"ENT","Star Trek Babel One","4x12","2005","NULL","NULL","NULL","NULL"
98,"ENT","Star Trek United","4x13","2005","NULL","NULL","NULL","NULL"
99,"ENT","Star Trek The Aenar","4x14","2005","NULL","NULL","NULL","NULL"
100,"ENT","Star Trek Affliction","4x15","2005","NULL","NULL","NULL","NULL"
101,"ENT","Star Trek Divergence","4x16","2005","NULL","NULL","NULL","NULL"
102,"ENT","Star Trek Bound","4x17","2005","NULL","NULL","NULL","NULL"
103,"ENT","Star Trek Demons","4x20","2005","NULL","NULL","NULL","NULL"
104,"ENT","Star Trek Terra Prime","4x21","2005","NULL","NULL","NULL","NULL"
105,"STS","Star Trek Q&A","2x01","2019","NULL","NULL","NULL","NULL"
106,"TOS","Star Trek The Cage (Original Pilot)","0x01","1988","NULL","NULL","NULL","NULL"
107,"DIS","Star Trek The Vulcan Hello","1x01","2017","NULL","NULL","NULL","NULL"
108,"STS","The Brightest Star ","1x03","2018","NULL","NULL","NULL","NULL"
109,"STS","The Girl Who Made the Stars ","2x05","2019","NULL","NULL","NULL","NULL"
110,"DIS","Star Trek Battle at the Binary Stars","1x02","2017","NULL","NULL","NULL","NULL"
111,"DIS","Star Trek Context Is for Kings","1x03","2017","NULL","NULL","NULL","NULL"
112,"DIS","Star Trek The Butcher's Knife Cares Not for the Lamb's Cry","1x04","2017","NULL","NULL","NULL","NULL"
113,"DIS","Star Trek Choose Your Pain","1x05","2017","NULL","NULL","NULL","NULL"
114,"DIS","Star Trek Lethe","1x06","2017","NULL","NULL","NULL","NULL"
115,"DIS","Star Trek Magic to Make the Sanest Man Go Mad","1x07","2017","NULL","NULL","NULL","NULL"
116,"DIS","Star Trek Si Vis Pacem, Para Bellum","1x08","2017","NULL","NULL","NULL","NULL"
117,"DIS","Star Trek Into the Forest I Go","1x09","2017","NULL","NULL","NULL","NULL"
118,"DIS","Star Trek Despite Yourself","1x10","2018","NULL","NULL","NULL","NULL"
119,"DIS","Star Trek The Wolf Inside","1x11","2018","NULL","NULL","NULL","NULL"
120,"DIS","Star Trek Vaulting Ambition","1x12","2018","NULL","NULL","NULL","NULL"
121,"DIS","Star Trek What's Past is Prologue","1x13","2018","NULL","NULL","NULL","NULL"
122,"DIS","Star Trek The War Without, the War Within","1x14","2018","NULL","NULL","NULL","NULL"
123,"STS","Star Trek Runaway ","1x01","2018","NULL","NULL","NULL","NULL"
124,"DIS","Star Trek Will You Take My Hand?","1x15","2018","NULL","NULL","NULL","NULL"
125,"STS","The Escape Artist ","1x04","2019","NULL","NULL","NULL","NULL"
126,"DIS","Star Trek Brother","2x01","2019","NULL","NULL","NULL","NULL"
127,"DIS","Star Trek New Eden","2x02","2019","NULL","NULL","NULL","NULL"
128,"DIS","Star Trek Point of Light","2x03","2019","NULL","NULL","NULL","NULL"
129,"DIS","Star Trek An Obol for Charon","2x04","2019","NULL","NULL","NULL","NULL"
130,"DIS","Star Trek Saints of Imperfection","2x05","2019","NULL","NULL","NULL","NULL"
131,"DIS","Star Trek The Sound of Thunder","2x06","2019","NULL","NULL","NULL","NULL"
132,"DIS","Star Trek Light and Shadows","2x07","2019","NULL","NULL","NULL","NULL"
133,"DIS","Star Trek If Memory Serves","2x08","2019","NULL","NULL","NULL","NULL"
134,"DIS","Star Trek Project Daedalus","2x09","2019","NULL","NULL","NULL","NULL"
135,"DIS","Star Trek The Red Angel","2x10","2019","NULL","NULL","NULL","NULL"
136,"DIS","Star Trek Perpetual Infinity","2x11","2019","NULL","NULL","NULL","NULL"
137,"DIS","Star Trek Through the Valley of Shadows","2x12","2019","NULL","NULL","NULL","NULL"
138,"STS","Star Trek The Trouble with Edward ","2x02","2019","NULL","NULL","NULL","NULL"
139,"DIS","Such Sweet Sorrow","2x13","2019","NULL","NULL","NULL","NULL"
140,"DIS","Such Sweet Sorrow (1)","2x13","2019","NULL","NULL","NULL","NULL"
141,"DIS","Such Sweet Sorrow (2)","2x14","2019","NULL","NULL","NULL","NULL"
142,"DIS","Such Sweet Sorrow, Part 1","2x13","2019","NULL","NULL","NULL","NULL"
143,"DIS","Such Sweet Sorrow, Part 2","2x14","2019","NULL","NULL","NULL","NULL"
144,"STS","Star Trek Ask Not ","2x03","2019","NULL","NULL","NULL","NULL"
145,"SNW","Strange New Worlds","1x01","2022","NULL","NULL","NULL","NULL"
146,"SNW","Star Trek Children of the Comet","1x02","2022","NULL","NULL","NULL","NULL"
147,"SNW","Star Trek Ghosts of Illyria","1x03","2022","NULL","NULL","NULL","NULL"
148,"SNW","Star Trek Memento Mori","1x04","2022","NULL","NULL","NULL","NULL"
149,"SNW","Star Trek Spock Amok","1x05","2022","NULL","NULL","NULL","NULL"
150,"SNW","Star Trek Lift Us Where Suffering Cannot Reach","1x06","2022","NULL","NULL","NULL","NULL"
151,"SNW","Star Trek The Serene Squall","1x07","2022","NULL","NULL","NULL","NULL"
152,"SNW","Star Trek The Elysian Kingdom","1x08","2022","NULL","NULL","NULL","NULL"
153,"SNW","Star Trek All Those Who Wander","1x09","2022","NULL","NULL","NULL","NULL"
154,"SNW","Star Trek A Quality of Mercy","1x10","2022","NULL","NULL","NULL","NULL"
155,"TOS","Star Trek Where No Man Has Gone Before","1x01","1966","NULL","NULL","NULL","NULL"
156,"TOS","Star Trek The Corbomite Maneuver","1x02","1966","NULL","NULL","NULL","NULL"
157,"TOS","Star Trek Mudd's Women","1x03","1966","NULL","NULL","NULL","NULL"
158,"TOS","Star Trek The Enemy Within","1x04","1966","NULL","NULL","NULL","NULL"
159,"TOS","Star Trek The Man Trap","1x05","1966","NULL","NULL","NULL","NULL"
160,"TOS","Star Trek The Naked Time","1x06","1966","NULL","NULL","NULL","NULL"
161,"TOS","Star Trek Charlie X","1x07","1966","NULL","NULL","NULL","NULL"
162,"TOS","Star Trek Balance of Terror","1x08","1966","NULL","NULL","NULL","NULL"
163,"TOS","Star Trek What Are Little Girls Made Of?","1x09","1966","NULL","NULL","NULL","NULL"
164,"TOS","Star Trek Dagger of the Mind","1x10","1966","NULL","NULL","NULL","NULL"
165,"TOS","Star Trek Miri","1x11","1966","NULL","NULL","NULL","NULL"
166,"TOS","Star Trek The Conscience of the King","1x12","1966","NULL","NULL","NULL","NULL"
167,"TOS","Star Trek The Galileo Seven","1x13","1967","NULL","NULL","NULL","NULL"
168,"TOS","Star Trek Court Martial","1x14","1967","NULL","NULL","NULL","NULL"
169,"TOS","The Menagerie","1x15","1966","NULL","NULL","NULL","NULL"
170,"TOS","The Menagerie (1)","1x15","1966","NULL","NULL","NULL","NULL"
171,"TOS","The Menagerie (2)","1x16","1966","NULL","NULL","NULL","NULL"
172,"TOS","The Menagerie, Part 1","1x15","1966","NULL","NULL","NULL","NULL"
173,"TOS","The Menagerie, Part 2","1x16","1966","NULL","NULL","NULL","NULL"
174,"TOS","Star Trek Shore Leave","1x17","1966","NULL","NULL","NULL","NULL"
175,"TOS","Star Trek The Squire of Gothos","1x18","1967","NULL","NULL","NULL","NULL"
176,"TOS","Star Trek Arena","1x19","1967","NULL","NULL","NULL","NULL"
177,"TOS","Star Trek The Alternative Factor","1x20","1967","NULL","NULL","NULL","NULL"
178,"TOS","Star Trek Tomorrow is Yesterday","1x21","1967","NULL","NULL","NULL","NULL"
179,"TOS","Star Trek The Return of the Archons","1x22","1967","NULL","NULL","NULL","NULL"
180,"TOS","Star Trek A Taste of Armageddon","1x23","1967","NULL","NULL","NULL","NULL"
181,"TOS","Star Trek Space Seed","1x24","1967","NULL","NULL","NULL","NULL"
182,"STS","Star Trek Ephraim and Dot ","2x04","2019","NULL","NULL","NULL","NULL"
183,"TOS","Star Trek This Side of Paradise","1x25","1967","NULL","NULL","NULL","NULL"
184,"TOS","Star Trek The Devil in the Dark","1x26","1967","NULL","NULL","NULL","NULL"
185,"TOS","Star Trek Errand of Mercy","1x27","1967","NULL","NULL","NULL","NULL"
186,"TOS","Star Trek The City on the Edge of Forever","1x28","1967","NULL","NULL","NULL","NULL"
187,"TOS","Star Trek Operation -- Annihilate!","1x29","1967","NULL","NULL","NULL","NULL"
188,"TOS","Star Trek Catspaw","2x01","1967","NULL","NULL","NULL","NULL"
189,"TOS","Star Trek Metamorphosis","2x02","1967","NULL","NULL","NULL","NULL"
190,"TOS","Star Trek Friday's Child","2x03","1967","NULL","NULL","NULL","NULL"
191,"TOS","Star Trek Who Mourns for Adonais?","2x04","1967","NULL","NULL","NULL","NULL"
192,"TOS","Star Trek Amok Time","2x05","1967","NULL","NULL","NULL","NULL"
193,"TOS","Star Trek The Doomsday Machine","2x06","1967","NULL","NULL","NULL","NULL"
194,"TOS","Star Trek Wolf in the Fold","2x07","1967","NULL","NULL","NULL","NULL"
195,"TOS","Star Trek The Changeling","2x08","1967","NULL","NULL","NULL","NULL"
196,"TOS","Star Trek The Apple","2x09","1967","NULL","NULL","NULL","NULL"
197,"TOS","Star Trek Mirror, Mirror","2x10","1967","NULL","NULL","NULL","NULL"
198,"TOS","Star Trek The Deadly Years","2x11","1967","NULL","NULL","NULL","NULL"
199,"TOS","Star Trek I, Mudd","2x12","1967","NULL","NULL","NULL","NULL"
200,"TOS","Star Trek The Trouble with Tribbles","2x13","1967","NULL","NULL","NULL","NULL"
201,"TOS","Star Trek Bread and Circuses","2x14","1968","NULL","NULL","NULL","NULL"
202,"TOS","Star Trek Journey to Babel","2x15","1967","NULL","NULL","NULL","NULL"
203,"TOS","Star Trek A Private Little War","2x16","1968","NULL","NULL","NULL","NULL"
204,"TOS","Star Trek The Gamesters of Triskelion","2x17","1968","NULL","NULL","NULL","NULL"
205,"TOS","Star Trek Obsession","2x18","1967","NULL","NULL","NULL","NULL"
206,"TOS","Star Trek The Immunity Syndrome","2x19","1968","NULL","NULL","NULL","NULL"
207,"TOS","Star Trek A Piece of the Action","2x20","1968","NULL","NULL","NULL","NULL"
208,"TOS","Star Trek By Any Other Name","2x21","1968","NULL","NULL","NULL","NULL"
209,"TOS","Star Trek Return to Tomorrow","2x22","1968","NULL","NULL","NULL","NULL"
210,"TOS","Star Trek Patterns of Force","2x23","1968","NULL","NULL","NULL","NULL"
211,"TOS","Star Trek The Ultimate Computer","2x24","1968","NULL","NULL","NULL","NULL"
212,"TOS","Star Trek The Omega Glory","2x25","1968","NULL","NULL","NULL","NULL"
213,"TOS","Star Trek Assignment: Earth","2x26","1968","NULL","NULL","NULL","NULL"
214,"TOS","Star Trek Spectre of the Gun","3x01","1968","NULL","NULL","NULL","NULL"
215,"TOS","Star Trek Elaan of Troyius","3x02","1968","NULL","NULL","NULL","NULL"
216,"TOS","Star Trek The Paradise Syndrome","3x03","1968","NULL","NULL","NULL","NULL"
217,"TOS","Star Trek The Enterprise Incident","3x04","1968","NULL","NULL","NULL","NULL"
218,"TOS","Star Trek And the Children Shall Lead","3x05","1968","NULL","NULL","NULL","NULL"
219,"TOS","Star Trek Spock's Brain","3x06","1968","NULL","NULL","NULL","NULL"
220,"TOS","Star Trek Is There in Truth No Beauty?","3x07","1968","NULL","NULL","NULL","NULL"
221,"TOS","Star Trek The Empath","3x08","1968","NULL","NULL","NULL","NULL"
222,"TOS","Star Trek The Tholian Web","3x09","1968","NULL","NULL","NULL","NULL"
223,"ENT","In a Mirror, Darkly","4x18","2005","NULL","NULL","NULL","NULL"
224,"ENT","In a Mirror, Darkly (1)","4x18","2005","NULL","NULL","NULL","NULL"
225,"ENT","In a Mirror, Darkly (2)","4x19","2005","NULL","NULL","NULL","NULL"
226,"ENT","In a Mirror, Darkly, Part 1","4x18","2005","NULL","NULL","NULL","NULL"
227,"ENT","In a Mirror, Darkly, Part 2","4x19","2005","NULL","NULL","NULL","NULL"
228,"TOS","Star Trek For the World is Hollow and I Have Touched the Sky","3x10","1968","NULL","NULL","NULL","NULL"
229,"TOS","Star Trek Day of the Dove","3x11","1968","NULL","NULL","NULL","NULL"
230,"TOS","Star Trek Plato's Stepchildren","3x12","1968","NULL","NULL","NULL","NULL"
231,"TOS","Star Trek Wink of an Eye","3x13","1968","NULL","NULL","NULL","NULL"
232,"TOS","Star Trek That Which Survives","3x14","1969","NULL","NULL","NULL","NULL"
233,"TOS","Star Trek Let That Be Your Last Battlefield","3x15","1969","NULL","NULL","NULL","NULL"
234,"TOS","Star Trek Whom Gods Destroy","3x16","1969","NULL","NULL","NULL","NULL"
235,"TOS","Star Trek The Mark of Gideon","3x17","1969","NULL","NULL","NULL","NULL"
236,"TOS","Star Trek The Lights of Zetar","3x18","1969","NULL","NULL","NULL","NULL"
237,"TOS","Star Trek The Cloud Minders","3x19","1969","NULL","NULL","NULL","NULL"
238,"TOS","Star Trek The Way to Eden","3x20","1969","NULL","NULL","NULL","NULL"
239,"TOS","Star Trek Requiem for Methuselah","3x21","1969","NULL","NULL","NULL","NULL"
240,"TOS","Star Trek The Savage Curtain","3x22","1969","NULL","NULL","NULL","NULL"
241,"TOS","Star Trek All Our Yesterdays","3x23","1969","NULL","NULL","NULL","NULL"
242,"TOS","Star Trek Turnabout Intruder","3x24","1969","NULL","NULL","NULL","NULL"
243,"TAS","Star Trek Beyond the Farthest Star","1x01","1973","NULL","NULL","NULL","NULL"
244,"TAS","Star Trek Yesteryear","1x02","1973","NULL","NULL","NULL","NULL"
245,"TAS","Star Trek One of Our Planets is Missing","1x03","1973","NULL","NULL","NULL","NULL"
246,"TAS","Star Trek The Lorelei Signal","1x04","1973","NULL","NULL","NULL","NULL"
247,"TAS","Star Trek More Tribbles, More Troubles","1x05","1973","NULL","NULL","NULL","NULL"
248,"TAS","Star Trek The Survivor","1x06","1973","NULL","NULL","NULL","NULL"
249,"TAS","Star Trek The Infinite Vulcan","1x07","1973","NULL","NULL","NULL","NULL"
250,"TAS","Star Trek The Magicks of Megas-Tu","1x08","1973","NULL","NULL","NULL","NULL"
251,"TAS","Star Trek Once Upon a Planet","1x09","1973","NULL","NULL","NULL","NULL"
252,"TAS","Star Trek Mudd's Passion","1x10","1973","NULL","NULL","NULL","NULL"
253,"TAS","Star Trek The Terratin Incident","1x11","1973","NULL","NULL","NULL","NULL"
254,"TAS","Star Trek The Time Trap","1x12","1973","NULL","NULL","NULL","NULL"
255,"TAS","Star Trek The Ambergris Element","1x13","1973","NULL","NULL","NULL","NULL"
256,"TAS","Star Trek The Slaver Weapon","1x14","1973","NULL","NULL","NULL","NULL"
257,"TAS","Star Trek The Eye of the Beholder","1x15","1974","NULL","NULL","NULL","NULL"
258,"TAS","Star Trek The Jihad","1x16","1974","NULL","NULL","NULL","NULL"
259,"TAS","Star Trek The Pirates of Orion","2x01","1974","NULL","NULL","NULL","NULL"
260,"TAS","Star Trek Bem","2x02","1974","NULL","NULL","NULL","NULL"
261,"TAS","Star Trek The Practical Joker","2x03","1974","NULL","NULL","NULL","NULL"
262,"TAS","Star Trek Albatross","2x04","1974","NULL","NULL","NULL","NULL"
263,"TAS","Star Trek How Sharper Than a Serpent's Tooth","2x05","1974","NULL","NULL","NULL","NULL"
264,"TAS","Star Trek The Counter-Clock Incident","2x06","1974","NULL","NULL","NULL","NULL"
265,"TOS-FILMS","Star Trek: The Motion Picture","1","1979","NULL","NULL","NULL","NULL"
266,"TOS-FILMS","Star Trek II: The Wrath of Khan","2","1982","NULL","NULL","NULL","NULL"
267,"TOS-FILMS","Star Trek III: The Search for Spock","3","1984","NULL","NULL","NULL","NULL"
268,"TOS-FILMS","Star Trek IV: The Voyage Home","4","1986","NULL","NULL","NULL","NULL"
269,"TOS-FILMS","Star Trek V: The Final Frontier","5","1989","NULL","NULL","NULL","NULL"
270,"TOS-FILMS","Star Trek VI: The Undiscovered Country","6","1991","NULL","NULL","NULL","NULL"
271,"TNG","Encounter at Farpoint","1x01","1987","NULL","NULL","NULL","NULL"
272,"TNG","Encounter at Farpoint (1)","1x01","1987","NULL","NULL","NULL","NULL"
273,"TNG","Encounter at Farpoint (2)","1x02","1987","NULL","NULL","NULL","NULL"
274,"TNG","Encounter at Farpoint, Part 1","1x01","1987","NULL","NULL","NULL","NULL"
275,"TNG","Encounter at Farpoint, Part 2","1x02","1987","NULL","NULL","NULL","NULL"
276,"TNG","Star Trek The Naked Now","1x03","1987","NULL","NULL","NULL","NULL"
277,"TNG","Star Trek Code of Honor","1x04","1987","NULL","NULL","NULL","NULL"
278,"TNG","Star Trek The Last Outpost","1x05","1987","NULL","NULL","NULL","NULL"
279,"TNG","Star Trek Where No One Has Gone Before","1x06","1987","NULL","NULL","NULL","NULL"
280,"TNG","Star Trek Lonely Among Us","1x07","1987","NULL","NULL","NULL","NULL"
281,"TNG","Star Trek Justice","1x08","1987","NULL","NULL","NULL","NULL"
282,"TNG","Star Trek The Battle","1x09","1987","NULL","NULL","NULL","NULL"
283,"TNG","Star Trek Hide and Q","1x10","1987","NULL","NULL","NULL","NULL"
284,"TNG","Star Trek Haven","1x11","1987","NULL","NULL","NULL","NULL"
285,"TNG","Star Trek The Big Goodbye","1x12","1988","NULL","NULL","NULL","NULL"
286,"TNG","Star Trek Datalore","1x13","1988","NULL","NULL","NULL","NULL"
287,"TNG","Star Trek Angel One","1x14","1988","NULL","NULL","NULL","NULL"
288,"TNG","Star Trek 11001001","1x15","1988","NULL","NULL","NULL","NULL"
289,"TNG","Star Trek Too Short a Season","1x16","1988","NULL","NULL","NULL","NULL"
290,"TNG","Star Trek When the Bough Breaks","1x17","1988","NULL","NULL","NULL","NULL"
291,"TNG","Star Trek Home Soil","1x18","1988","NULL","NULL","NULL","NULL"
292,"TNG","Star Trek Coming of Age","1x19","1988","NULL","NULL","NULL","NULL"
293,"TNG","Star Trek Heart of Glory","1x20","1988","NULL","NULL","NULL","NULL"
294,"TNG","Star Trek The Arsenal of Freedom","1x21","1988","NULL","NULL","NULL","NULL"
295,"TNG","Star Trek Symbiosis","1x22","1988","NULL","NULL","NULL","NULL"
296,"TNG","Star Trek Skin of Evil","1x23","1988","NULL","NULL","NULL","NULL"
297,"TNG","Star Trek We'll Always Have Paris","1x24","1988","NULL","NULL","NULL","NULL"
298,"TNG","Star Trek Conspiracy","1x25","1988","NULL","NULL","NULL","NULL"
299,"TNG","Star Trek The Neutral Zone","1x26","1988","NULL","NULL","NULL","NULL"
300,"TNG","Star Trek The Child","2x01","1988","NULL","NULL","NULL","NULL"
301,"TNG","Star Trek Where Silence Has Lease","2x02","1988","NULL","NULL","NULL","NULL"
302,"TNG","Star Trek Elementary, Dear Data","2x03","1988","NULL","NULL","NULL","NULL"
303,"TNG","Star Trek The Outrageous Okona","2x04","1988","NULL","NULL","NULL","NULL"
304,"TNG","Star Trek Loud as a Whisper","2x05","1989","NULL","NULL","NULL","NULL"
305,"TNG","Star Trek The Schizoid Man","2x06","1989","NULL","NULL","NULL","NULL"
306,"TNG","Star Trek Unnatural Selection","2x07","1989","NULL","NULL","NULL","NULL"
307,"TNG","Star Trek A Matter of Honor","2x08","1989","NULL","NULL","NULL","NULL"
308,"TNG","Star Trek The Measure of a Man","2x09","1989","NULL","NULL","NULL","NULL"
309,"TNG","Star Trek The Dauphin","2x10","1989","NULL","NULL","NULL","NULL"
310,"TNG","Star Trek Contagion","2x11","1989","NULL","NULL","NULL","NULL"
311,"TNG","Star Trek The Royale","2x12","1989","NULL","NULL","NULL","NULL"
312,"TNG","Star Trek Time Squared","2x13","1989","NULL","NULL","NULL","NULL"
313,"TNG","Star Trek The Icarus Factor","2x14","1989","NULL","NULL","NULL","NULL"
314,"TNG","Star Trek Pen Pals","2x15","1989","NULL","NULL","NULL","NULL"
315,"TNG","Star Trek Q Who?","2x16","1989","NULL","NULL","NULL","NULL"
316,"TNG","Star Trek Samaritan Snare","2x17","1989","NULL","NULL","NULL","NULL"
317,"TNG","Star Trek Up the Long Ladder","2x18","1989","NULL","NULL","NULL","NULL"
318,"TNG","Star Trek Manhunt","2x19","1989","NULL","NULL","NULL","NULL"
319,"TNG","Star Trek The Emissary","2x20","1989","NULL","NULL","NULL","NULL"
320,"TNG","Star Trek Peak Performance","2x21","1989","NULL","NULL","NULL","NULL"
321,"TNG","Star Trek Shades of Gray","2x22","1989","NULL","NULL","NULL","NULL"
322,"TNG","Star Trek Evolution","3x01","1989","NULL","NULL","NULL","NULL"
323,"TNG","Star Trek The Ensigns of Command","3x02","1989","NULL","NULL","NULL","NULL"
324,"TNG","Star Trek The Survivors","3x03","1989","NULL","NULL","NULL","NULL"
325,"TNG","Star Trek Who Watches the Watchers","3x04","1989","NULL","NULL","NULL","NULL"
326,"TNG","Star Trek The Bonding","3x05","1989","NULL","NULL","NULL","NULL"
327,"TNG","Star Trek Booby Trap","3x06","1989","NULL","NULL","NULL","NULL"
328,"TNG","Star Trek The Enemy","3x07","1989","NULL","NULL","NULL","NULL"
329,"TNG","Star Trek The Price","3x08","1989","NULL","NULL","NULL","NULL"
330,"TNG","Star Trek The Vengeance Factor","3x09","1989","NULL","NULL","NULL","NULL"
331,"TNG","Star Trek The Defector","3x10","1990","NULL","NULL","NULL","NULL"
332,"TNG","Star Trek The Hunted","3x11","1990","NULL","NULL","NULL","NULL"
333,"TNG","Star Trek The High Ground","3x12","1990","NULL","NULL","NULL","NULL"
334,"TNG","Star Trek Déjà Q","3x13","1990","NULL","NULL","NULL","NULL"
335,"TNG","Star Trek A Matter of Perspective","3x14","1990","NULL","NULL","NULL","NULL"
336,"TNG","Star Trek Yesterday's Enterprise","3x15","1990","NULL","NULL","NULL","NULL"
337,"TNG","Star Trek The Offspring","3x16","1990","NULL","NULL","NULL","NULL"
338,"TNG","Star Trek Sins of the Father","3x17","1990","NULL","NULL","NULL","NULL"
339,"TNG","Star Trek Allegiance","3x18","1990","NULL","NULL","NULL","NULL"
340,"TNG","Star Trek Captain's Holiday","3x19","1990","NULL","NULL","NULL","NULL"
341,"TNG","Star Trek Tin Man","3x20","1990","NULL","NULL","NULL","NULL"
342,"TNG","Star Trek Hollow Pursuits","3x21","1990","NULL","NULL","NULL","NULL"
343,"TNG","Star Trek The Most Toys","3x22","1990","NULL","NULL","NULL","NULL"
344,"TNG","Star Trek Sarek","3x23","1990","NULL","NULL","NULL","NULL"
345,"TNG","Star Trek Ménage à Troi","3x24","1990","NULL","NULL","NULL","NULL"
346,"TNG","Star Trek Transfigurations","3x25","1990","NULL","NULL","NULL","NULL"
347,"TNG","The Best of Both Worlds","3x26","1990","NULL","NULL","NULL","NULL"
348,"TNG","The Best of Both Worlds (1)","3x26","1990","NULL","NULL","NULL","NULL"
349,"TNG","The Best of Both Worlds (2)","4x01","1990","NULL","NULL","NULL","NULL"
350,"TNG","The Best of Both Worlds, Part 1","3x26","1990","NULL","NULL","NULL","NULL"
351,"TNG","The Best of Both Worlds, Part 2","4x01","1990","NULL","NULL","NULL","NULL"
352,"TNG","Star Trek Family","4x02","1990","NULL","NULL","NULL","NULL"
353,"TNG","Star Trek Brothers","4x03","1990","NULL","NULL","NULL","NULL"
354,"TNG","Star Trek Suddenly Human","4x04","1990","NULL","NULL","NULL","NULL"
355,"TNG","Star Trek Remember Me","4x05","1990","NULL","NULL","NULL","NULL"
356,"TNG","Star Trek Legacy","4x06","1990","NULL","NULL","NULL","NULL"
357,"TNG","Star Trek Reunion","4x07","1990","NULL","NULL","NULL","NULL"
358,"TNG","Star Trek Future Imperfect","4x08","1990","NULL","NULL","NULL","NULL"
359,"TNG","Star Trek Final Mission","4x09","1990","NULL","NULL","NULL","NULL"
360,"TNG","Star Trek The Loss","4x10","1990","NULL","NULL","NULL","NULL"
361,"TNG","Star Trek Data's Day","4x11","1991","NULL","NULL","NULL","NULL"
362,"TNG","Star Trek The Wounded","4x12","1991","NULL","NULL","NULL","NULL"
363,"TNG","Star Trek Devil's Due","4x13","1991","NULL","NULL","NULL","NULL"
364,"TNG","Star Trek Clues","4x14","1991","NULL","NULL","NULL","NULL"
365,"TNG","Star Trek First Contact","4x15","1991","NULL","NULL","NULL","NULL"
366,"TNG","Star Trek Galaxy's Child","4x16","1991","NULL","NULL","NULL","NULL"
367,"TNG","Star Trek Night Terrors","4x17","1991","NULL","NULL","NULL","NULL"
368,"TNG","Star Trek Identity Crisis","4x18","1991","NULL","NULL","NULL","NULL"
369,"TNG","Star Trek The Nth Degree","4x19","1991","NULL","NULL","NULL","NULL"
370,"TNG","Star Trek Qpid","4x20","1991","NULL","NULL","NULL","NULL"
371,"TNG","Star Trek The Drumhead","4x21","1991","NULL","NULL","NULL","NULL"
372,"TNG","Star Trek Half a Life","4x22","1991","NULL","NULL","NULL","NULL"
373,"TNG","Star Trek The Host","4x23","1991","NULL","NULL","NULL","NULL"
374,"TNG","Star Trek The Mind's Eye","4x24","1991","NULL","NULL","NULL","NULL"
375,"TNG","Star Trek In Theory","4x25","1991","NULL","NULL","NULL","NULL"
376,"TNG","Redemption","4x26","1991","NULL","NULL","NULL","NULL"
377,"TNG","Redemption (1)","4x26","1991","NULL","NULL","NULL","NULL"
378,"TNG","Redemption (2)","5x01","1991","NULL","NULL","NULL","NULL"
379,"TNG","Redemption, Part 1","4x26","1991","NULL","NULL","NULL","NULL"
380,"TNG","Redemption, Part 2","5x01","1991","NULL","NULL","NULL","NULL"
381,"TNG","Star Trek Darmok","5x02","1991","NULL","NULL","NULL","NULL"
382,"TNG","Star Trek Ensign Ro","5x03","1991","NULL","NULL","NULL","NULL"
383,"TNG","Star Trek Silicon Avatar","5x04","1991","NULL","NULL","NULL","NULL"
384,"TNG","Star Trek Disaster","5x05","1991","NULL","NULL","NULL","NULL"
385,"TNG","Star Trek The Game","5x06","1991","NULL","NULL","NULL","NULL"
386,"TNG","Unification","5x07","1991","NULL","NULL","NULL","NULL"
387,"TNG","Unification (1)","5x07","1991","NULL","NULL","NULL","NULL"
388,"TNG","Unification (2)","5x08","1991","NULL","NULL","NULL","NULL"
389,"TNG","Unification, Part 1","5x07","1991","NULL","NULL","NULL","NULL"
390,"TNG","Unification, Part 2","5x08","1991","NULL","NULL","NULL","NULL"
391,"TNG","Star Trek A Matter of Time","5x09","1991","NULL","NULL","NULL","NULL"
392,"TNG","Star Trek New Ground","5x10","1992","NULL","NULL","NULL","NULL"
393,"TNG","Star Trek Hero Worship","5x11","1992","NULL","NULL","NULL","NULL"
394,"TNG","Star Trek Violations","5x12","1992","NULL","NULL","NULL","NULL"
395,"TNG","Star Trek The Masterpiece Society","5x13","1992","NULL","NULL","NULL","NULL"
396,"TNG","Star Trek Conundrum","5x14","1992","NULL","NULL","NULL","NULL"
397,"TNG","Star Trek Power Play","5x15","1992","NULL","NULL","NULL","NULL"
398,"TNG","Star Trek Ethics","5x16","1992","NULL","NULL","NULL","NULL"
399,"TNG","Star Trek The Outcast","5x17","1992","NULL","NULL","NULL","NULL"
400,"TNG","Star Trek Cause and Effect","5x18","1992","NULL","NULL","NULL","NULL"
401,"TNG","Star Trek The First Duty","5x19","1992","NULL","NULL","NULL","NULL"
402,"TNG","Star Trek Cost of Living","5x20","1992","NULL","NULL","NULL","NULL"
403,"TNG","Star Trek The Perfect Mate","5x21","1992","NULL","NULL","NULL","NULL"
404,"TNG","Star Trek Imaginary Friend","5x22","1992","NULL","NULL","NULL","NULL"
405,"TNG","Star Trek I, Borg","5x23","1992","NULL","NULL","NULL","NULL"
406,"TNG","Star Trek The Next Phase","5x24","1992","NULL","NULL","NULL","NULL"
407,"TNG","Star Trek The Inner Light","5x25","1992","NULL","NULL","NULL","NULL"
408,"TNG","Time's Arrow","5x26","1992","NULL","NULL","NULL","NULL"
409,"TNG","Time's Arrow (1)","5x26","1992","NULL","NULL","NULL","NULL"
410,"TNG","Time's Arrow (2)","6x01","1992","NULL","NULL","NULL","NULL"
411,"TNG","Time's Arrow, Part 1","5x26","1992","NULL","NULL","NULL","NULL"
412,"TNG","Time's Arrow, Part 2","6x01","1992","NULL","NULL","NULL","NULL"
413,"TNG","Star Trek Realm of Fear","6x02","1992","NULL","NULL","NULL","NULL"
414,"TNG","Star Trek Man of the People","6x03","1992","NULL","NULL","NULL","NULL"
415,"TNG","Star Trek Relics","6x04","1992","NULL","NULL","NULL","NULL"
416,"TNG","Star Trek Schisms","6x05","1992","NULL","NULL","NULL","NULL"
417,"TNG","Star Trek True Q","6x06","1992","NULL","NULL","NULL","NULL"
418,"TNG","Star Trek Rascals","6x07","1992","NULL","NULL","NULL","NULL"
419,"TNG","Star Trek A Fistful of Datas","6x08","1992","NULL","NULL","NULL","NULL"
420,"TNG","Star Trek The Quality of Life","6x09","1992","NULL","NULL","NULL","NULL"
421,"TNG","Chain of Command","6x10","1992","NULL","NULL","NULL","NULL"
422,"TNG","Chain of Command (1)","6x10","1992","NULL","NULL","NULL","NULL"
423,"TNG","Chain of Command (2)","6x11","1992","NULL","NULL","NULL","NULL"
424,"TNG","Chain of Command, Part 1","6x10","1992","NULL","NULL","NULL","NULL"
425,"TNG","Chain of Command, Part 2","6x11","1992","NULL","NULL","NULL","NULL"
426,"DS9","Emissary","1x01","1993","NULL","NULL","NULL","NULL"
427,"DS9","Emissary (1)","1x01","1993","NULL","NULL","NULL","NULL"
428,"DS9","Emissary (2)","1x02","1993","NULL","NULL","NULL","NULL"
429,"DS9","Emissary, Part 1","1x01","1993","NULL","NULL","NULL","NULL"
430,"DS9","Emissary, Part 2","1x02","1993","NULL","NULL","NULL","NULL"
431,"DS9","Star Trek Past Prologue","1x03","1993","NULL","NULL","NULL","NULL"
432,"DS9","Star Trek A Man Alone","1x04","1993","NULL","NULL","NULL","NULL"
433,"DS9","Star Trek Babel","1x05","1993","NULL","NULL","NULL","NULL"
434,"TNG","Star Trek Ship in a Bottle","6x12","1993","NULL","NULL","NULL","NULL"
435,"DS9","Star Trek Captive Pursuit","1x06","1993","NULL","NULL","NULL","NULL"
436,"TNG","Star Trek Aquiel","6x13","1993","NULL","NULL","NULL","NULL"
437,"DS9","Star Trek Q-Less","1x07","1993","NULL","NULL","NULL","NULL"
438,"TNG","Star Trek Face of the Enemy","6x14","1993","NULL","NULL","NULL","NULL"
439,"DS9","Star Trek Dax","1x08","1993","NULL","NULL","NULL","NULL"
440,"TNG","Star Trek Tapestry","6x15","1993","NULL","NULL","NULL","NULL"
441,"DS9","Star Trek The Passenger","1x09","1993","NULL","NULL","NULL","NULL"
442,"TNG","Birthright","6x16","1993","NULL","NULL","NULL","NULL"
443,"TNG","Birthright (1)","6x16","1993","NULL","NULL","NULL","NULL"
444,"TNG","Birthright (2)","6x17","1993","NULL","NULL","NULL","NULL"
445,"TNG","Birthright, Part 1","6x16","1993","NULL","NULL","NULL","NULL"
446,"TNG","Birthright, Part 2","6x17","1993","NULL","NULL","NULL","NULL"
447,"DS9","Star Trek Move Along Home","1x10","1993","NULL","NULL","NULL","NULL"
448,"DS9","Star Trek The Nagus","1x11","1993","NULL","NULL","NULL","NULL"
449,"TNG","Star Trek Starship Mine","6x18","1993","NULL","NULL","NULL","NULL"
450,"TNG","Star Trek Lessons","6x19","1993","NULL","NULL","NULL","NULL"
451,"DS9","Star Trek Vortex","1x12","1993","NULL","NULL","NULL","NULL"
452,"DS9","Star Trek Battle Lines","1x13","1993","NULL","NULL","NULL","NULL"
453,"DS9","Star Trek The Storyteller","1x14","1993","NULL","NULL","NULL","NULL"
454,"TNG","Star Trek The Chase","6x20","1993","NULL","NULL","NULL","NULL"
455,"TNG","Star Trek Frame of Mind","6x21","1993","NULL","NULL","NULL","NULL"
456,"TNG","Star Trek Suspicions","6x22","1993","NULL","NULL","NULL","NULL"
457,"DS9","Star Trek Progress","1x15","1993","NULL","NULL","NULL","NULL"
458,"TNG","Star Trek Rightful Heir","6x23","1993","NULL","NULL","NULL","NULL"
459,"DS9","Star Trek If Wishes Were Horses","1x16","1993","NULL","NULL","NULL","NULL"
460,"TNG","Star Trek Second Chances","6x24","1993","NULL","NULL","NULL","NULL"
461,"DS9","Star Trek The Forsaken","1x18","1993","NULL","NULL","NULL","NULL"
462,"DS9","Star Trek Dramatis Personae","1x17","1993","NULL","NULL","NULL","NULL"
463,"DS9","Star Trek Duet","1x19","1993","NULL","NULL","NULL","NULL"
464,"TNG","Star Trek Timescape","6x25","1993","NULL","NULL","NULL","NULL"
465,"DS9","Star Trek In the Hands of the Prophets","1x20","1993","NULL","NULL","NULL","NULL"
466,"TNG","Descent","6x26","1993","NULL","NULL","NULL","NULL"
467,"TNG","Descent (1)","6x26","1993","NULL","NULL","NULL","NULL"
468,"TNG","Descent (2)","7x01","1993","NULL","NULL","NULL","NULL"
469,"TNG","Descent, Part 1","6x26","1993","NULL","NULL","NULL","NULL"
470,"TNG","Descent, Part 2","7x01","1993","NULL","NULL","NULL","NULL"
471,"DS9","Star Trek The Homecoming","2x01","1993","NULL","NULL","NULL","NULL"
472,"DS9","Star Trek The Circle","2x02","1993","NULL","NULL","NULL","NULL"
473,"DS9","Star Trek The Siege","2x03","1993","NULL","NULL","NULL","NULL"
474,"TNG","Star Trek Liaisons","7x02","1993","NULL","NULL","NULL","NULL"
475,"TNG","Gambit","7x04","1993","NULL","NULL","NULL","NULL"
476,"TNG","Gambit (1)","7x04","1993","NULL","NULL","NULL","NULL"
477,"TNG","Gambit (2)","7x05","1993","NULL","NULL","NULL","NULL"
478,"TNG","Gambit, Part 1","7x04","1993","NULL","NULL","NULL","NULL"
479,"TNG","Gambit, Part 2","7x05","1993","NULL","NULL","NULL","NULL"
480,"DS9","Star Trek Cardassians","2x05","1993","NULL","NULL","NULL","NULL"
481,"DS9","Star Trek Invasive Procedures","2x04","1993","NULL","NULL","NULL","NULL"
482,"TNG","Star Trek Interface","7x03","1993","NULL","NULL","NULL","NULL"
483,"TNG","Star Trek Phantasms","7x06","1993","NULL","NULL","NULL","NULL"
484,"DS9","Star Trek Melora","2x06","1993","NULL","NULL","NULL","NULL"
485,"TNG","Star Trek Dark Page","7x07","1993","NULL","NULL","NULL","NULL"
486,"DS9","Star Trek Rules of Acquisition","2x07","1993","NULL","NULL","NULL","NULL"
487,"DS9","Star Trek Necessary Evil","2x08","1993","NULL","NULL","NULL","NULL"
488,"TNG","Star Trek Attached","7x08","1993","NULL","NULL","NULL","NULL"
489,"TNG","Star Trek Force of Nature","7x09","1993","NULL","NULL","NULL","NULL"
490,"DS9","Star Trek Second Sight","2x09","1993","NULL","NULL","NULL","NULL"
491,"DS9","Star Trek Sanctuary","2x10","1993","NULL","NULL","NULL","NULL"
492,"TNG","Star Trek Parallels","7x11","1993","NULL","NULL","NULL","NULL"
493,"DS9","Star Trek Rivals","2x11","1994","NULL","NULL","NULL","NULL"
494,"DS9","Star Trek The Alternate","2x12","1994","NULL","NULL","NULL","NULL"
495,"TNG","Star Trek Inheritance","7x10","1993","NULL","NULL","NULL","NULL"
496,"TNG","Star Trek Homeward","7x13","1994","NULL","NULL","NULL","NULL"
497,"TNG","Star Trek The Pegasus","7x12","1994","NULL","NULL","NULL","NULL"
498,"ENT","Star Trek These Are the Voyages...","4x22","2005","NULL","NULL","NULL","NULL"
499,"DS9","Star Trek Armageddon Game","2x13","1994","NULL","NULL","NULL","NULL"
500,"TNG","Star Trek Sub Rosa","7x14","1994","NULL","NULL","NULL","NULL"
501,"TNG","Star Trek Lower Decks","7x15","1994","NULL","NULL","NULL","NULL"
502,"DS9","Star Trek Whispers","2x15","1994","NULL","NULL","NULL","NULL"
503,"DS9","Star Trek Paradise","2x14","1994","NULL","NULL","NULL","NULL"
504,"DS9","Star Trek Shadowplay","2x16","1994","NULL","NULL","NULL","NULL"
505,"TNG","Star Trek Thine Own Self","7x16","1994","NULL","NULL","NULL","NULL"
506,"TNG","Star Trek Masks","7x17","1994","NULL","NULL","NULL","NULL"
507,"DS9","Star Trek Playing God","2x17","1994","NULL","NULL","NULL","NULL"
508,"TNG","Star Trek Eye of the Beholder","7x18","1994","NULL","NULL","NULL","NULL"
509,"DS9","Star Trek Profit and Loss","2x18","1994","NULL","NULL","NULL","NULL"
510,"TNG","Star Trek Genesis","7x19","1994","NULL","NULL","NULL","NULL"
511,"DS9","Star Trek Blood Oath","2x19","1994","NULL","NULL","NULL","NULL"
512,"TNG","Star Trek Journey's End","7x20","1994","NULL","NULL","NULL","NULL"
513,"DS9","The Maquis","2x20","1994","NULL","NULL","NULL","NULL"
514,"DS9","The Maquis (1)","2x20","1994","NULL","NULL","NULL","NULL"
515,"DS9","The Maquis (2)","2x21","1994","NULL","NULL","NULL","NULL"
516,"DS9","The Maquis, Part 1","2x20","1994","NULL","NULL","NULL","NULL"
517,"DS9","The Maquis, Part 2","2x21","1994","NULL","NULL","NULL","NULL"
518,"TNG","Star Trek Firstborn","7x21","1994","NULL","NULL","NULL","NULL"
519,"TNG","Star Trek Bloodlines","7x22","1994","NULL","NULL","NULL","NULL"
520,"DS9","Star Trek The Wire","2x22","1994","NULL","NULL","NULL","NULL"
521,"TNG","Star Trek Emergence","7x23","1994","NULL","NULL","NULL","NULL"
522,"DS9","Star Trek Crossover","2x23","1994","NULL","NULL","NULL","NULL"
523,"TNG","Star Trek Preemptive Strike","7x24","1994","NULL","NULL","NULL","NULL"
524,"DS9","Star Trek The Collaborator","2x24","1994","NULL","NULL","NULL","NULL"
525,"DS9","Star Trek Tribunal","2x25","1994","NULL","NULL","NULL","NULL"
526,"TNG","All Good Things…","7x25","1994","NULL","NULL","NULL","NULL"
527,"TNG","All Good Things... (1)","7x25","1994","NULL","NULL","NULL","NULL"
528,"TNG","All Good Things... (2)","7x26","1994","NULL","NULL","NULL","NULL"
529,"TNG","All Good Things..., Part 1","7x25","1994","NULL","NULL","NULL","NULL"
530,"TNG","All Good Things..., Part 2","7x26","1994","NULL","NULL","NULL","NULL"
531,"DS9","Star Trek The Jem'Hadar","2x26","1994","NULL","NULL","NULL","NULL"
532,"DS9","The Search","3x01","1994","NULL","NULL","NULL","NULL"
533,"DS9","The Search (1)","3x01","1994","NULL","NULL","NULL","NULL"
534,"DS9","The Search (2)","3x02","1994","NULL","NULL","NULL","NULL"
535,"DS9","The Search, Part 1","3x01","1994","NULL","NULL","NULL","NULL"
536,"DS9","The Search, Part 2","3x02","1994","NULL","NULL","NULL","NULL"
537,"DS9","Star Trek The House of Quark","3x03","1994","NULL","NULL","NULL","NULL"
538,"DS9","Star Trek Equilibrium","3x04","1994","NULL","NULL","NULL","NULL"
539,"DS9","Star Trek Second Skin","3x05","1994","NULL","NULL","NULL","NULL"
540,"DS9","Star Trek The Abandoned","3x06","1994","NULL","NULL","NULL","NULL"
541,"DS9","Star Trek Civil Defense","3x07","1994","NULL","NULL","NULL","NULL"
542,"VOY","Caretaker","1x01","1995","NULL","NULL","NULL","NULL"
543,"VOY","Caretaker (1)","1x01","1995","NULL","NULL","NULL","NULL"
544,"VOY","Caretaker (2)","1x02","1995","NULL","NULL","NULL","NULL"
545,"VOY","Caretaker, Part 1","1x01","1995","NULL","NULL","NULL","NULL"
546,"VOY","Caretaker, Part 2","1x02","1995","NULL","NULL","NULL","NULL"
547,"DS9","Star Trek Meridian","3x08","1994","NULL","NULL","NULL","NULL"
548,"VOY","Star Trek Parallax","1x03","1995","NULL","NULL","NULL","NULL"
549,"DS9","Star Trek Defiant","3x09","1994","NULL","NULL","NULL","NULL"
550,"DS9","Star Trek Fascination","3x10","1994","NULL","NULL","NULL","NULL"
551,"DS9","Past Tense","3x11","1995","NULL","NULL","NULL","NULL"
552,"DS9","Past Tense (1)","3x11","1995","NULL","NULL","NULL","NULL"
553,"DS9","Past Tense (2)","3x12","1995","NULL","NULL","NULL","NULL"
554,"DS9","Past Tense, Part 1","3x11","1995","NULL","NULL","NULL","NULL"
555,"DS9","Past Tense, Part 2","3x12","1995","NULL","NULL","NULL","NULL"
556,"VOY","Star Trek Time and Again","1x04","1995","NULL","NULL","NULL","NULL"
557,"DS9","Star Trek Life Support","3x13","1995","NULL","NULL","NULL","NULL"
558,"DS9","Star Trek Heart of Stone","3x14","1995","NULL","NULL","NULL","NULL"
559,"VOY","Star Trek Phage","1x05","1995","NULL","NULL","NULL","NULL"
560,"DS9","Star Trek Destiny","3x15","1995","NULL","NULL","NULL","NULL"
561,"VOY","Star Trek The Cloud","1x06","1995","NULL","NULL","NULL","NULL"
562,"DS9","Star Trek Prophet Motive","3x16","1995","NULL","NULL","NULL","NULL"
563,"DS9","Star Trek Visionary","3x17","1995","NULL","NULL","NULL","NULL"
564,"VOY","Star Trek Eye of the Needle","1x07","1995","NULL","NULL","NULL","NULL"
565,"VOY","Star Trek Ex Post Facto","1x08","1995","NULL","NULL","NULL","NULL"
566,"VOY","Star Trek Emanations","1x09","1995","NULL","NULL","NULL","NULL"
567,"VOY","Star Trek Prime Factors","1x10","1995","NULL","NULL","NULL","NULL"
568,"DS9","Star Trek Distant Voices","3x18","1995","NULL","NULL","NULL","NULL"
569,"TNG-FILMS","Star Trek Generations ","1","1994","NULL","NULL","NULL","NULL"
570,"VOY","Star Trek State of Flux","1x11","1995","NULL","NULL","NULL","NULL"
571,"DS9","Star Trek Through the Looking Glass","3x19","1995","NULL","NULL","NULL","NULL"
572,"VOY","Star Trek Heroes and Demons","1x12","1995","NULL","NULL","NULL","NULL"
573,"DS9","Star Trek Improbable Cause","3x20","1995","NULL","NULL","NULL","NULL"
574,"DS9","Star Trek The Die is Cast","3x21","1995","NULL","NULL","NULL","NULL"
575,"VOY","Star Trek Cathexis","1x13","1995","NULL","NULL","NULL","NULL"
576,"DS9","Star Trek Explorers","3x22","1995","NULL","NULL","NULL","NULL"
577,"VOY","Star Trek Faces","1x14","1995","NULL","NULL","NULL","NULL"
578,"DS9","Star Trek Family Business","3x23","1995","NULL","NULL","NULL","NULL"
579,"VOY","Star Trek Jetrel","1x15","1995","NULL","NULL","NULL","NULL"
580,"DS9","Star Trek Shakaar","3x24","1995","NULL","NULL","NULL","NULL"
581,"VOY","Star Trek Learning Curve","1x16","1995","NULL","NULL","NULL","NULL"
582,"DS9","Star Trek Facets","3x25","1995","NULL","NULL","NULL","NULL"
583,"VOY","Star Trek Projections","2x03","1995","NULL","NULL","NULL","NULL"
584,"VOY","Star Trek Elogium","2x04","1995","NULL","NULL","NULL","NULL"
585,"DS9","Star Trek The Adversary","3x26","1995","NULL","NULL","NULL","NULL"
586,"VOY","Star Trek The 37's","2x01","1995","NULL","NULL","NULL","NULL"
587,"VOY","Star Trek Initiations","2x02","1995","NULL","NULL","NULL","NULL"
588,"VOY","Star Trek Non Sequitur","2x05","1995","NULL","NULL","NULL","NULL"
589,"DS9","The Way of the Warrior","4x01","1995","NULL","NULL","NULL","NULL"
590,"DS9","The Way of the Warrior (1)","4x01","1995","NULL","NULL","NULL","NULL"
591,"DS9","The Way of the Warrior (2)","4x02","1995","NULL","NULL","NULL","NULL"
592,"DS9","The Way of the Warrior, Part 1","4x01","1995","NULL","NULL","NULL","NULL"
593,"DS9","The Way of the Warrior, Part 2","4x02","1995","NULL","NULL","NULL","NULL"
594,"VOY","Star Trek Twisted","2x06","1995","NULL","NULL","NULL","NULL"
595,"DS9","Star Trek The Visitor","4x03","1995","NULL","NULL","NULL","NULL"
596,"DS9","Star Trek Hippocratic Oath","4x04","1995","NULL","NULL","NULL","NULL"
597,"VOY","Star Trek Parturition","2x07","1995","NULL","NULL","NULL","NULL"
598,"DS9","Star Trek Indiscretion","4x05","1995","NULL","NULL","NULL","NULL"
599,"VOY","Star Trek Persistence of Vision","2x08","1995","NULL","NULL","NULL","NULL"
600,"VOY","Star Trek Tattoo","2x09","1995","NULL","NULL","NULL","NULL"
601,"VOY","Star Trek Cold Fire","2x10","1995","NULL","NULL","NULL","NULL"
602,"DS9","Star Trek Rejoined","4x06","1995","NULL","NULL","NULL","NULL"
603,"VOY","Star Trek Maneuvers","2x11","1995","NULL","NULL","NULL","NULL"
604,"DS9","Star Trek Starship Down","4x07","1995","NULL","NULL","NULL","NULL"
605,"DS9","Star Trek Little Green Men","4x08","1995","NULL","NULL","NULL","NULL"
606,"DS9","Star Trek The Sword of Kahless","4x09","1995","NULL","NULL","NULL","NULL"
607,"VOY","Star Trek Resistance","2x12","1995","NULL","NULL","NULL","NULL"
608,"DS9","Star Trek Our Man Bashir","4x10","1995","NULL","NULL","NULL","NULL"
609,"DS9","Star Trek Homefront","4x11","1996","NULL","NULL","NULL","NULL"
610,"DS9","Star Trek Paradise Lost","4x12","1996","NULL","NULL","NULL","NULL"
611,"VOY","Star Trek Prototype","2x13","1996","NULL","NULL","NULL","NULL"
612,"VOY","Star Trek Death Wish","2x18","1996","NULL","NULL","NULL","NULL"
613,"VOY","Star Trek Alliances","2x14","1996","NULL","NULL","NULL","NULL"
614,"DS9","Star Trek Crossfire","4x13","1996","NULL","NULL","NULL","NULL"
615,"VOY","Star Trek Threshold","2x15","1996","NULL","NULL","NULL","NULL"
616,"DS9","Star Trek Return to Grace","4x14","1996","NULL","NULL","NULL","NULL"
617,"VOY","Star Trek Meld","2x16","1996","NULL","NULL","NULL","NULL"
618,"VOY","Star Trek Dreadnought","2x17","1996","NULL","NULL","NULL","NULL"
619,"VOY","Star Trek Lifesigns","2x19","1996","NULL","NULL","NULL","NULL"
620,"VOY","Star Trek Investigations","2x20","1996","NULL","NULL","NULL","NULL"
621,"VOY","Star Trek Deadlock","2x21","1996","NULL","NULL","NULL","NULL"
622,"DS9","Star Trek Sons of Mogh","4x15","1996","NULL","NULL","NULL","NULL"
623,"DS9","Star Trek Bar Association","4x16","1996","NULL","NULL","NULL","NULL"
624,"DS9","Star Trek Accession","4x17","1996","NULL","NULL","NULL","NULL"
625,"VOY","Star Trek Innocence","2x22","1996","NULL","NULL","NULL","NULL"
626,"DS9","Star Trek Rules of Engagement","4x18","1996","NULL","NULL","NULL","NULL"
627,"DS9","Star Trek Hard Time","4x19","1996","NULL","NULL","NULL","NULL"
628,"DS9","Star Trek Shattered Mirror","4x20","1996","NULL","NULL","NULL","NULL"
629,"VOY","Star Trek The Thaw","2x23","1996","NULL","NULL","NULL","NULL"
630,"DS9","Star Trek The Muse","4x21","1996","NULL","NULL","NULL","NULL"
631,"VOY","Star Trek Tuvix","2x24","1996","NULL","NULL","NULL","NULL"
632,"DS9","Star Trek For the Cause","4x22","1996","NULL","NULL","NULL","NULL"
633,"VOY","Star Trek Resolutions","2x25","1996","NULL","NULL","NULL","NULL"
634,"DS9","Star Trek To the Death","4x23","1996","NULL","NULL","NULL","NULL"
635,"DS9","Star Trek The Quickening","4x24","1996","NULL","NULL","NULL","NULL"
636,"DS9","Star Trek Body Parts","4x25","1996","NULL","NULL","NULL","NULL"
637,"DS9","Star Trek Broken Link","4x26","1996","NULL","NULL","NULL","NULL"
638,"VOY","Basics","2x26","1996","NULL","NULL","NULL","NULL"
639,"VOY","Basics (1)","2x26","1996","NULL","NULL","NULL","NULL"
640,"VOY","Basics (2)","3x01","1996","NULL","NULL","NULL","NULL"
641,"VOY","Basics, Part 1","2x26","1996","NULL","NULL","NULL","NULL"
642,"VOY","Basics, Part 2","3x01","1996","NULL","NULL","NULL","NULL"
643,"DS9","Star Trek Apocalypse Rising","5x01","1996","NULL","NULL","NULL","NULL"
644,"DS9","Star Trek The Ship","5x02","1996","NULL","NULL","NULL","NULL"
645,"VOY","Star Trek Sacred Ground","3x07","1996","NULL","NULL","NULL","NULL"
646,"VOY","Star Trek False Profits","3x05","1996","NULL","NULL","NULL","NULL"
647,"VOY","Star Trek Flashback","3x02","1996","NULL","NULL","NULL","NULL"
648,"VOY","Star Trek The Chute","3x03","1996","NULL","NULL","NULL","NULL"
649,"VOY","Star Trek Remember","3x06","1996","NULL","NULL","NULL","NULL"
650,"VOY","Star Trek The Swarm","3x04","1996","NULL","NULL","NULL","NULL"
651,"DS9","Star Trek Looking for par'Mach in All the Wrong Places","5x03","1996","NULL","NULL","NULL","NULL"
652,"DS9","Star Trek ...Nor the Battle to the Strong","5x04","1996","NULL","NULL","NULL","NULL"
653,"DS9","Star Trek The Assignment","5x05","1996","NULL","NULL","NULL","NULL"
654,"DS9","Star Trek Trials and Tribble-ations","5x06","1996","NULL","NULL","NULL","NULL"
655,"VOY","Future's End","3x08","1996","NULL","NULL","NULL","NULL"
656,"VOY","Future's End (1)","3x08","1996","NULL","NULL","NULL","NULL"
657,"VOY","Future's End (2)","3x09","1996","NULL","NULL","NULL","NULL"
658,"VOY","Future's End, Part 1","3x08","1996","NULL","NULL","NULL","NULL"
659,"VOY","Future's End, Part 2","3x09","1996","NULL","NULL","NULL","NULL"
660,"DS9","Star Trek Let He Who is Without Sin...","5x07","1996","NULL","NULL","NULL","NULL"
661,"DS9","Star Trek Things Past","5x08","1996","NULL","NULL","NULL","NULL"
662,"VOY","Star Trek Warlord","3x10","1996","NULL","NULL","NULL","NULL"
663,"DS9","Star Trek The Ascent","5x09","1996","NULL","NULL","NULL","NULL"
664,"VOY","Star Trek The Q and the Grey","3x11","1996","NULL","NULL","NULL","NULL"
665,"DS9","Star Trek Rapture","5x10","1996","NULL","NULL","NULL","NULL"
666,"DS9","Star Trek The Darkness and the Light","5x11","1997","NULL","NULL","NULL","NULL"
667,"VOY","Star Trek Macrocosm","3x12","1996","NULL","NULL","NULL","NULL"
668,"VOY","Star Trek Fair Trade","3x13","1997","NULL","NULL","NULL","NULL"
669,"VOY","Star Trek Alter Ego","3x14","1997","NULL","NULL","NULL","NULL"
670,"DS9","Star Trek The Begotten","5x12","1997","NULL","NULL","NULL","NULL"
671,"DS9","Star Trek For the Uniform","5x13","1997","NULL","NULL","NULL","NULL"
672,"VOY","Star Trek Coda","3x15","1997","NULL","NULL","NULL","NULL"
673,"VOY","Star Trek Blood Fever","3x16","1997","NULL","NULL","NULL","NULL"
674,"TNG-FILMS","Star Trek First Contact ","2","1996","NULL","NULL","NULL","NULL"
675,"DS9","Star Trek In Purgatory's Shadow","5x14","1997","NULL","NULL","NULL","NULL"
676,"DS9","Star Trek By Inferno's Light","5x15","1997","NULL","NULL","NULL","NULL"
677,"VOY","Star Trek Unity","3x17","1997","NULL","NULL","NULL","NULL"
678,"VOY","Star Trek Darkling","3x18","1997","NULL","NULL","NULL","NULL"
679,"DS9","Star Trek Doctor Bashir, I Presume?","5x16","1997","NULL","NULL","NULL","NULL"
680,"VOY","Star Trek Rise","3x19","1997","NULL","NULL","NULL","NULL"
681,"DS9","Star Trek A Simple Investigation","5x17","1997","NULL","NULL","NULL","NULL"
682,"DS9","Star Trek Business as Usual","5x18","1997","NULL","NULL","NULL","NULL"
683,"DS9","Star Trek Ties of Blood and Water","5x19","1997","NULL","NULL","NULL","NULL"
684,"VOY","Star Trek Favorite Son","3x20","1997","NULL","NULL","NULL","NULL"
685,"DS9","Star Trek Ferengi Love Songs","5x20","1997","NULL","NULL","NULL","NULL"
686,"DS9","Star Trek Soldiers of the Empire","5x21","1997","NULL","NULL","NULL","NULL"
687,"DS9","Star Trek Children of Time","5x22","1997","NULL","NULL","NULL","NULL"
688,"VOY","Star Trek Before and After","3x21","1997","NULL","NULL","NULL","NULL"
689,"VOY","Star Trek Real Life","3x22","1997","NULL","NULL","NULL","NULL"
690,"VOY","Star Trek Distant Origin","3x23","1997","NULL","NULL","NULL","NULL"
691,"VOY","Star Trek Displaced","3x24","1997","NULL","NULL","NULL","NULL"
692,"DS9","Star Trek Blaze of Glory","5x23","1997","NULL","NULL","NULL","NULL"
693,"VOY","Star Trek Worst Case Scenario","3x25","1997","NULL","NULL","NULL","NULL"
694,"DS9","Star Trek Empok Nor","5x24","1997","NULL","NULL","NULL","NULL"
695,"VOY","Scorpion","3x26","1997","NULL","NULL","NULL","NULL"
696,"VOY","Scorpion (1)","3x26","1997","NULL","NULL","NULL","NULL"
697,"VOY","Scorpion (2)","4x01","1997","NULL","NULL","NULL","NULL"
698,"VOY","Scorpion, Part 1","3x26","1997","NULL","NULL","NULL","NULL"
699,"VOY","Scorpion, Part 2","4x01","1997","NULL","NULL","NULL","NULL"
700,"VOY","Star Trek The Gift","4x02","1997","NULL","NULL","NULL","NULL"
701,"DS9","Star Trek In the Cards","5x25","1997","NULL","NULL","NULL","NULL"
702,"DS9","Star Trek Call to Arms","5x26","1997","NULL","NULL","NULL","NULL"
703,"VOY","Star Trek Day of Honor","4x03","1997","NULL","NULL","NULL","NULL"
704,"VOY","Star Trek Nemesis","4x04","1997","NULL","NULL","NULL","NULL"
705,"VOY","Star Trek Revulsion","4x05","1997","NULL","NULL","NULL","NULL"
706,"DS9","Star Trek A Time to Stand","6x01","1997","NULL","NULL","NULL","NULL"
707,"DS9","Star Trek Rocks and Shoals","6x02","1997","NULL","NULL","NULL","NULL"
708,"DS9","Star Trek Sons and Daughters","6x03","1997","NULL","NULL","NULL","NULL"
709,"DS9","Star Trek Behind the Lines","6x04","1997","NULL","NULL","NULL","NULL"
710,"DS9","Star Trek Favor the Bold","6x05","1997","NULL","NULL","NULL","NULL"
711,"DS9","Star Trek Sacrifice of Angels","6x06","1997","NULL","NULL","NULL","NULL"
712,"VOY","Star Trek The Raven","4x06","1997","NULL","NULL","NULL","NULL"
713,"VOY","Star Trek Scientific Method","4x07","1997","NULL","NULL","NULL","NULL"
714,"DS9","Star Trek You are Cordially Invited...","6x07","1997","NULL","NULL","NULL","NULL"
715,"VOY","Year Of Hell","4x08","1997","NULL","NULL","NULL","NULL"
716,"VOY","Year Of Hell (1)","4x08","1997","NULL","NULL","NULL","NULL"
717,"VOY","Year Of Hell (2)","4x09","1997","NULL","NULL","NULL","NULL"
718,"VOY","Year Of Hell, Part 1","4x08","1997","NULL","NULL","NULL","NULL"
719,"VOY","Year Of Hell, Part 2","4x09","1997","NULL","NULL","NULL","NULL"
720,"DS9","Star Trek Resurrection","6x08","1997","NULL","NULL","NULL","NULL"
721,"VOY","Star Trek Random Thoughts","4x10","1997","NULL","NULL","NULL","NULL"
722,"DS9","Star Trek Statistical Probabilities","6x09","1997","NULL","NULL","NULL","NULL"
723,"VOY","Star Trek Concerning Flight","4x11","1997","NULL","NULL","NULL","NULL"
724,"DS9","Star Trek The Magnificent Ferengi","6x10","1997","NULL","NULL","NULL","NULL"
725,"DS9","Star Trek Waltz","6x11","1998","NULL","NULL","NULL","NULL"
726,"VOY","Star Trek Mortal Coil","4x12","1997","NULL","NULL","NULL","NULL"
727,"VOY","Star Trek Message in a Bottle","4x14","1998","NULL","NULL","NULL","NULL"
728,"VOY","Star Trek Waking Moments","4x13","1998","NULL","NULL","NULL","NULL"
729,"DS9","Star Trek Who Mourns for Morn?","6x12","1998","NULL","NULL","NULL","NULL"
730,"DS9","Star Trek Far Beyond the Stars","6x13","1998","NULL","NULL","NULL","NULL"
731,"DS9","Star Trek One Little Ship","6x14","1998","NULL","NULL","NULL","NULL"
732,"VOY","Star Trek Hunters","4x15","1998","NULL","NULL","NULL","NULL"
733,"DS9","Star Trek Honor Among Thieves","6x15","1998","NULL","NULL","NULL","NULL"
734,"DS9","Star Trek Change of Heart","6x16","1998","NULL","NULL","NULL","NULL"
735,"VOY","Star Trek Prey","4x16","1998","NULL","NULL","NULL","NULL"
736,"VOY","Star Trek Retrospect","4x17","1998","NULL","NULL","NULL","NULL"
737,"VOY","The Killing Game","4x18","1998","NULL","NULL","NULL","NULL"
738,"VOY","The Killing Game (1)","4x18","1998","NULL","NULL","NULL","NULL"
739,"VOY","The Killing Game (2)","4x19","1998","NULL","NULL","NULL","NULL"
740,"VOY","The Killing Game, Part 1","4x18","1998","NULL","NULL","NULL","NULL"
741,"VOY","The Killing Game, Part 2","4x19","1998","NULL","NULL","NULL","NULL"
742,"DS9","Star Trek Wrongs Darker than Death or Night","6x17","1998","NULL","NULL","NULL","NULL"
743,"DS9","Star Trek Inquisition","6x18","1998","NULL","NULL","NULL","NULL"
744,"DS9","Star Trek In the Pale Moonlight","6x19","1998","NULL","NULL","NULL","NULL"
745,"VOY","Star Trek Vis à Vis","4x20","1998","NULL","NULL","NULL","NULL"
746,"VOY","Star Trek The Omega Directive","4x21","1998","NULL","NULL","NULL","NULL"
747,"DS9","Star Trek His Way","6x20","1998","NULL","NULL","NULL","NULL"
748,"VOY","Star Trek Unforgettable","4x22","1998","NULL","NULL","NULL","NULL"
749,"DS9","Star Trek The Reckoning","6x21","1998","NULL","NULL","NULL","NULL"
750,"DS9","Star Trek Valiant","6x22","1998","NULL","NULL","NULL","NULL"
751,"VOY","Star Trek Demon","4x24","1998","NULL","NULL","NULL","NULL"
752,"DS9","Star Trek Profit and Lace","6x23","1998","NULL","NULL","NULL","NULL"
753,"VOY","One","4x25","1998","NULL","NULL","NULL","NULL"
754,"DS9","Star Trek Time's Orphan","6x24","1998","NULL","NULL","NULL","NULL"
755,"DS9","Star Trek The Sound of Her Voice","6x25","1998","NULL","NULL","NULL","NULL"
756,"VOY","Star Trek Hope and Fear","4x26","1998","NULL","NULL","NULL","NULL"
757,"DS9","Star Trek Tears of the Prophets","6x26","1998","NULL","NULL","NULL","NULL"
758,"VOY","Night","5x01","1998","NULL","NULL","NULL","NULL"
759,"VOY","Star Trek Drone","5x02","1998","NULL","NULL","NULL","NULL"
760,"VOY","Star Trek Extreme Risk","5x03","1998","NULL","NULL","NULL","NULL"
761,"VOY","Star Trek In the Flesh","5x04","1998","NULL","NULL","NULL","NULL"
762,"VOY","Star Trek Once Upon a Time","5x05","1998","NULL","NULL","NULL","NULL"
763,"VOY","Star Trek Nothing Human","5x08","1998","NULL","NULL","NULL","NULL"
764,"VOY","Star Trek Timeless","5x06","1998","NULL","NULL","NULL","NULL"
765,"DS9","Star Trek Image in the Sand","7x01","1998","NULL","NULL","NULL","NULL"
766,"DS9","Star Trek Shadows and Symbols","7x02","1998","NULL","NULL","NULL","NULL"
767,"DS9","Star Trek Afterimage","7x03","1998","NULL","NULL","NULL","NULL"
768,"DS9","Star Trek Take Me Out to the Holosuite","7x04","1998","NULL","NULL","NULL","NULL"
769,"DS9","Star Trek Chrysalis","7x05","1998","NULL","NULL","NULL","NULL"
770,"DS9","Star Trek Treachery, Faith and the Great River","7x06","1998","NULL","NULL","NULL","NULL"
771,"DS9","Star Trek Once More Unto the Breach","7x07","1998","NULL","NULL","NULL","NULL"
772,"DS9","Star Trek The Siege of AR-558","7x08","1998","NULL","NULL","NULL","NULL"
773,"VOY","Star Trek Thirty Days","5x09","1998","NULL","NULL","NULL","NULL"
774,"DS9","Star Trek Covenant","7x09","1998","NULL","NULL","NULL","NULL"
775,"VOY","Star Trek Infinite Regress","5x07","1998","NULL","NULL","NULL","NULL"
776,"VOY","Star Trek Counterpoint","5x10","1998","NULL","NULL","NULL","NULL"
777,"DS9","Star Trek It's Only a Paper Moon","7x10","1998","NULL","NULL","NULL","NULL"
778,"TNG-FILMS","Star Trek Insurrection ","3","1998","NULL","NULL","NULL","NULL"
779,"DS9","Star Trek Prodigal Daughter","7x11","1999","NULL","NULL","NULL","NULL"
780,"VOY","Star Trek Latent Image","5x11","1999","NULL","NULL","NULL","NULL"
781,"VOY","Star Trek Bride of Chaotica!","5x12","1999","NULL","NULL","NULL","NULL"
782,"DS9","Star Trek The Emperor's New Cloak","7x12","1999","NULL","NULL","NULL","NULL"
783,"VOY","Star Trek Gravity","5x13","1999","NULL","NULL","NULL","NULL"
784,"DS9","Star Trek Field of Fire","7x13","1999","NULL","NULL","NULL","NULL"
785,"VOY","Star Trek Bliss","5x14","1999","NULL","NULL","NULL","NULL"
786,"DS9","Star Trek Chimera","7x14","1999","NULL","NULL","NULL","NULL"
787,"VOY","Star Trek The Disease","5x17","1999","NULL","NULL","NULL","NULL"
788,"DS9","Star Trek Badda-Bing Badda-Bang","7x15","1999","NULL","NULL","NULL","NULL"
789,"DS9","Star Trek Inter Arma Enim Silent Leges","7x16","1999","NULL","NULL","NULL","NULL"
790,"VOY","Star Trek Course: Oblivion","5x18","1999","NULL","NULL","NULL","NULL"
791,"VOY","Dark Frontier","5x15","1999","NULL","NULL","NULL","NULL"
792,"VOY","Dark Frontier (1)","5x15","1999","NULL","NULL","NULL","NULL"
793,"VOY","Dark Frontier (2)","5x16","1999","NULL","NULL","NULL","NULL"
794,"VOY","Dark Frontier, Part 1","5x15","1999","NULL","NULL","NULL","NULL"
795,"VOY","Dark Frontier, Part 2","5x16","1999","NULL","NULL","NULL","NULL"
796,"VOY","Star Trek The Fight","5x19","1999","NULL","NULL","NULL","NULL"
797,"VOY","Star Trek Think Tank","5x20","1999","NULL","NULL","NULL","NULL"
798,"DS9","Star Trek Penumbra","7x17","1999","NULL","NULL","NULL","NULL"
799,"DS9","Star Trek 'Til Death Do Us Part","7x18","1999","NULL","NULL","NULL","NULL"
800,"DS9","Star Trek Strange Bedfellows","7x19","1999","NULL","NULL","NULL","NULL"
801,"DS9","Star Trek The Changing Face of Evil","7x20","1999","NULL","NULL","NULL","NULL"
802,"DS9","Star Trek When it Rains...","7x21","1999","NULL","NULL","NULL","NULL"
803,"DS9","Star Trek Tacking Into the Wind","7x22","1999","NULL","NULL","NULL","NULL"
804,"DS9","Star Trek Extreme Measures","7x23","1999","NULL","NULL","NULL","NULL"
805,"DS9","Star Trek The Dogs of War","7x24","1999","NULL","NULL","NULL","NULL"
806,"DS9","What You Leave Behind","7x25","1999","NULL","NULL","NULL","NULL"
807,"DS9","What You Leave Behind (1)","7x25","1999","NULL","NULL","NULL","NULL"
808,"DS9","What You Leave Behind (2)","7x26","1999","NULL","NULL","NULL","NULL"
809,"DS9","What You Leave Behind, Part 1","7x25","1999","NULL","NULL","NULL","NULL"
810,"DS9","What You Leave Behind, Part 2","7x26","1999","NULL","NULL","NULL","NULL"
811,"VOY","Star Trek Juggernaut","5x21","1999","NULL","NULL","NULL","NULL"
812,"VOY","Star Trek Someone to Watch Over Me","5x22","1999","NULL","NULL","NULL","NULL"
813,"VOY","Star Trek 11:59","5x23","1999","NULL","NULL","NULL","NULL"
814,"VOY","Star Trek Relativity","5x24","1999","NULL","NULL","NULL","NULL"
815,"VOY","Star Trek Warhead","5x25","1999","NULL","NULL","NULL","NULL"
816,"VOY","Equinox","5x26","1999","NULL","NULL","NULL","NULL"
817,"VOY","Equinox (1)","5x26","1999","NULL","NULL","NULL","NULL"
818,"VOY","Equinox (2)","6x01","1999","NULL","NULL","NULL","NULL"
819,"VOY","Equinox, Part 1","5x26","1999","NULL","NULL","NULL","NULL"
820,"VOY","Equinox, Part 2","6x01","1999","NULL","NULL","NULL","NULL"
821,"VOY","Star Trek Survival Instinct","6x02","1999","NULL","NULL","NULL","NULL"
822,"VOY","Star Trek Barge of the Dead","6x03","1999","NULL","NULL","NULL","NULL"
823,"VOY","Star Trek Tinker Tenor Doctor Spy","6x04","1999","NULL","NULL","NULL","NULL"
824,"VOY","Star Trek Dragon's Teeth","6x07","1999","NULL","NULL","NULL","NULL"
825,"VOY","Star Trek Alice","6x05","1999","NULL","NULL","NULL","NULL"
826,"VOY","Star Trek Riddles","6x06","1999","NULL","NULL","NULL","NULL"
827,"VOY","Star Trek One Small Step","6x08","1999","NULL","NULL","NULL","NULL"
828,"VOY","Star Trek The Voyager Conspiracy","6x09","1999","NULL","NULL","NULL","NULL"
829,"VOY","Star Trek Pathfinder","6x10","1999","NULL","NULL","NULL","NULL"
830,"VOY","Star Trek Fair Haven","6x11","2000","NULL","NULL","NULL","NULL"
831,"VOY","Star Trek Tsunkatse","6x15","2000","NULL","NULL","NULL","NULL"
832,"VOY","Star Trek Blink of an Eye","6x12","2000","NULL","NULL","NULL","NULL"
833,"VOY","Star Trek Virtuoso","6x13","2000","NULL","NULL","NULL","NULL"
834,"VOY","Star Trek Collective","6x16","2000","NULL","NULL","NULL","NULL"
835,"VOY","Star Trek Memorial","6x14","2000","NULL","NULL","NULL","NULL"
836,"VOY","Star Trek Spirit Folk","6x17","2000","NULL","NULL","NULL","NULL"
837,"VOY","Star Trek Ashes to Ashes","6x18","2000","NULL","NULL","NULL","NULL"
838,"VOY","Star Trek Child's Play","6x19","2000","NULL","NULL","NULL","NULL"
839,"VOY","Star Trek Good Shepherd","6x20","2000","NULL","NULL","NULL","NULL"
840,"VOY","Star Trek Fury","6x23","2000","NULL","NULL","NULL","NULL"
841,"VOY","Star Trek Live Fast and Prosper","6x21","2000","NULL","NULL","NULL","NULL"
842,"VOY","Star Trek Life Line","6x24","2000","NULL","NULL","NULL","NULL"
843,"VOY","Star Trek Muse","6x22","2000","NULL","NULL","NULL","NULL"
844,"VOY","Star Trek The Haunting of Deck Twelve","6x25","2000","NULL","NULL","NULL","NULL"
845,"VOY","Unimatrix Zero","6x26","2000","NULL","NULL","NULL","NULL"
846,"VOY","Unimatrix Zero (1)","6x26","2000","NULL","NULL","NULL","NULL"
847,"VOY","Unimatrix Zero (2)","7x01","2000","NULL","NULL","NULL","NULL"
848,"VOY","Unimatrix Zero, Part 1","6x26","2000","NULL","NULL","NULL","NULL"
849,"VOY","Unimatrix Zero, Part 2","7x01","2000","NULL","NULL","NULL","NULL"
850,"VOY","Star Trek Drive","7x03","2000","NULL","NULL","NULL","NULL"
851,"VOY","Star Trek Repression","7x04","2000","NULL","NULL","NULL","NULL"
852,"VOY","Star Trek Imperfection","7x02","2000","NULL","NULL","NULL","NULL"
853,"VOY","Star Trek Critical Care","7x05","2000","NULL","NULL","NULL","NULL"
854,"VOY","Star Trek Inside Man","7x06","2000","NULL","NULL","NULL","NULL"
855,"VOY","Star Trek Body and Soul","7x07","2000","NULL","NULL","NULL","NULL"
856,"VOY","Star Trek Nightingale","7x08","2000","NULL","NULL","NULL","NULL"
857,"VOY","Flesh and Blood","7x09","2000","NULL","NULL","NULL","NULL"
858,"VOY","Flesh and Blood (1)","7x09","2000","NULL","NULL","NULL","NULL"
859,"VOY","Flesh and Blood (2)","7x10","2000","NULL","NULL","NULL","NULL"
860,"VOY","Flesh and Blood, Part 1","7x09","2000","NULL","NULL","NULL","NULL"
861,"VOY","Flesh and Blood, Part 2","7x10","2000","NULL","NULL","NULL","NULL"
862,"VOY","Star Trek Shattered","7x11","2001","NULL","NULL","NULL","NULL"
863,"VOY","Star Trek Lineage","7x12","2001","NULL","NULL","NULL","NULL"
864,"VOY","Star Trek Repentance","7x13","2001","NULL","NULL","NULL","NULL"
865,"VOY","Star Trek Prophecy","7x14","2001","NULL","NULL","NULL","NULL"
866,"VOY","Star Trek The Void","7x15","2001","NULL","NULL","NULL","NULL"
867,"VOY","Workforce","7x16","2001","NULL","NULL","NULL","NULL"
868,"VOY","Workforce (1)","7x16","2001","NULL","NULL","NULL","NULL"
869,"VOY","Workforce (2)","7x17","2001","NULL","NULL","NULL","NULL"
870,"VOY","Workforce, Part 1","7x16","2001","NULL","NULL","NULL","NULL"
871,"VOY","Workforce, Part 2","7x17","2001","NULL","NULL","NULL","NULL"
872,"VOY","Star Trek Human Error","7x18","2001","NULL","NULL","NULL","NULL"
873,"VOY","Q2","7x19","2001","NULL","NULL","NULL","NULL"
874,"VOY","Star Trek Author, Author","7x20","2001","NULL","NULL","NULL","NULL"
875,"VOY","Star Trek Friendship One","7x21","2001","NULL","NULL","NULL","NULL"
876,"VOY","Star Trek Natural Law","7x22","2001","NULL","NULL","NULL","NULL"
877,"VOY","Star Trek Homestead","7x23","2001","NULL","NULL","NULL","NULL"
878,"VOY","Star Trek Renaissance Man","7x24","2001","NULL","NULL","NULL","NULL"
879,"VOY","Endgame","7x25","2001","NULL","NULL","NULL","NULL"
880,"VOY","Endgame (1)","7x25","2001","NULL","NULL","NULL","NULL"
881,"VOY","Endgame (2)","7x26","2001","NULL","NULL","NULL","NULL"
882,"VOY","Endgame, Part 1","7x25","2001","NULL","NULL","NULL","NULL"
883,"VOY","Endgame, Part 2","7x26","2001","NULL","NULL","NULL","NULL"
884,"TNG-FILMS","Star Trek Nemesis ","4","2002","NULL","NULL","NULL","NULL"
885,"LD","Star Trek Second Contact","1x01","2020","NULL","NULL","NULL","NULL"
886,"LD","Star Trek Envoys","1x02","2020","NULL","NULL","NULL","NULL"
887,"LD","Star Trek Temporal Edict","1x03","2020","NULL","NULL","NULL","NULL"
888,"LD","Star Trek Moist Vessel","1x04","2020","NULL","NULL","NULL","NULL"
889,"LD","Star Trek Cupid's Errant Arrow","1x05","2020","NULL","NULL","NULL","NULL"
890,"LD","Star Trek Terminal Provocations","1x06","2020","NULL","NULL","NULL","NULL"
891,"LD","Star Trek Much Ado About Boimler","1x07","2020","NULL","NULL","NULL","NULL"
892,"LD","Star Trek Veritas","1x08","2020","NULL","NULL","NULL","NULL"
893,"LD","Star Trek Crisis Point","1x09","2020","NULL","NULL","NULL","NULL"
894,"LD","Star Trek No Small Parts","1x10","2020","NULL","NULL","NULL","NULL"
895,"LD","Star Trek Strange Energies","2x01","2021","NULL","NULL","NULL","NULL"
896,"LD","Star Trek Kayshon, His Eyes Open","2x02","2021","NULL","NULL","NULL","NULL"
897,"LD","Star Trek We'll Always Have Tom Paris","2x03","2021","NULL","NULL","NULL","NULL"
898,"LD","Star Trek Mugato, Gumato","2x04","2021","NULL","NULL","NULL","NULL"
899,"LD","Star Trek An Embarrassment of Dooplers","2x05","2021","NULL","NULL","NULL","NULL"
900,"LD","Star Trek The Spy Humongous","2x06","2021","NULL","NULL","NULL","NULL"
901,"LD","Star Trek Where Pleasant Fountains Lie","2x07","2021","NULL","NULL","NULL","NULL"
902,"LD","Star Trek I, Excretus","2x08","2021","NULL","NULL","NULL","NULL"
903,"LD","Star Trek wej Duj","2x09","2021","NULL","NULL","NULL","NULL"
904,"LD","First First Contact","2x10","2021","NULL","NULL","NULL","NULL"
905,"LD","Star Trek Grounded","3x01","2022","NULL","NULL","NULL","NULL"
906,"LD","Star Trek The Least Dangerous Game","3x02","2022","NULL","NULL","NULL","NULL"
907,"LD","Star Trek Mining The Mind's Mines","3x03","2022","NULL","NULL","NULL","NULL"
908,"LD","Star Trek Room For Growth","3x04","2022","NULL","NULL","NULL","NULL"
909,"LD","Star Trek Reflections","3x05","2022","NULL","NULL","NULL","NULL"
910,"LD","Star Trek Hear All, Trust Nothing","3x06","2022","NULL","NULL","NULL","NULL"
911,"LD","Star Trek A Mathematically Perfect Redemption","3x07","2022","NULL","NULL","NULL","NULL"
912,"LD","Star Trek Crisis Point 2: Paradoxus","3x08","2022","NULL","NULL","NULL","NULL"
913,"LD","Star Trek Trusted Sources","3x09","2022","NULL","NULL","NULL","NULL"
914,"LD","Star Trek The Stars at Night","3x10","2022","NULL","NULL","NULL","NULL"
915,"PRO","Lost & Found","1x01","2021","NULL","NULL","NULL","NULL"
916,"PRO","Lost & Found (1)","1x01","2021","NULL","NULL","NULL","NULL"
917,"PRO","Lost & Found (2)","1x02","2021","NULL","NULL","NULL","NULL"
918,"PRO","Lost & Found, Part 1","1x01","2021","NULL","NULL","NULL","NULL"
919,"PRO","Lost & Found, Part 2","1x02","2021","NULL","NULL","NULL","NULL"
920,"PRO","Star Trek Starstruck","1x03","2021","NULL","NULL","NULL","NULL"
921,"PRO","Star Trek Dreamcatcher","1x04","2021","NULL","NULL","NULL","NULL"
922,"PRO","Star Trek Terror Firma","1x05","2021","NULL","NULL","NULL","NULL"
923,"PRO","Star Trek Kobayashi","1x06","2022","NULL","NULL","NULL","NULL"
924,"PRO","Star Trek First Con-tact","1x07","2022","NULL","NULL","NULL","NULL"
925,"PRO","Star Trek Time Amok","1x08","2022","NULL","NULL","NULL","NULL"
926,"PRO","A Moral Star","1x09","2022","NULL","NULL","NULL","NULL"
927,"PRO","A Moral Star (1)","1x09","2022","NULL","NULL","NULL","NULL"
928,"PRO","A Moral Star (2)","1x10","2022","NULL","NULL","NULL","NULL"
929,"PRO","A Moral Star, Part 1","1x09","2022","NULL","NULL","NULL","NULL"
930,"PRO","A Moral Star, Part 2","1x10","2022","NULL","NULL","NULL","NULL"
931,"PRO","Star Trek Asylum","1x11","2022","NULL","NULL","NULL","NULL"
932,"PRO","Star Trek Let Sleeping Borg Lie","1x12","2022","NULL","NULL","NULL","NULL"
933,"PRO","Star Trek All the World's a Stage","1x13","2022","NULL","NULL","NULL","NULL"
934,"PRO","Star Trek Crossroads","1x14","2022","NULL","NULL","NULL","NULL"
935,"PRO","Star Trek Masquerade","1x15","2022","NULL","NULL","NULL","NULL"
936,"PRO","Star Trek Preludes","1x16","2022","NULL","NULL","NULL","NULL"
937,"PRO","Star Trek Ghost in the Machine","1x17","2022","NULL","NULL","NULL","NULL"
938,"PRO","Star Trek Mindwalk","1x18","2022","NULL","NULL","NULL","NULL"
939,"PRO","Supernova","1x19","2022","NULL","NULL","NULL","NULL"
940,"PRO","Supernova (1)","1x19","2022","NULL","NULL","NULL","NULL"
941,"PRO","Supernova (2)","1x20","2022","NULL","NULL","NULL","NULL"
942,"PRO","Supernova, Part 1","1x19","2022","NULL","NULL","NULL","NULL"
943,"PRO","Supernova, Part 2","1x20","2022","NULL","NULL","NULL","NULL"
944,"ALT-FILMS","Star Trek ","1","2009","NULL","NULL","NULL","NULL"
945,"STS","Children of Mars ","2x06","2020","NULL","NULL","NULL","NULL"
946,"PIC","Star Trek Remembrance","1x01","2020","NULL","NULL","NULL","NULL"
947,"PIC","Star Trek Maps and Legends","1x02","2020","NULL","NULL","NULL","NULL"
948,"PIC","Star Trek The End is the Beginning","1x03","2020","NULL","NULL","NULL","NULL"
949,"PIC","Star Trek Absolute Candor","1x04","2020","NULL","NULL","NULL","NULL"
950,"PIC","Star Trek Stardust City Rag","1x05","2020","NULL","NULL","NULL","NULL"
951,"PIC","Star Trek The Impossible Box","1x06","2020","NULL","NULL","NULL","NULL"
952,"PIC","Star Trek Nepenthe","1x07","2020","NULL","NULL","NULL","NULL"
953,"PIC","Star Trek Broken Pieces","1x08","2020","NULL","NULL","NULL","NULL"
954,"PIC","Et in Arcadia Ego","1x09","2020","NULL","NULL","NULL","NULL"
955,"PIC","Et in Arcadia Ego (1)","1x09","2020","NULL","NULL","NULL","NULL"
956,"PIC","Et in Arcadia Ego (2)","1x10","2020","NULL","NULL","NULL","NULL"
957,"PIC","Et in Arcadia Ego, Part 1","1x09","2020","NULL","NULL","NULL","NULL"
958,"PIC","Et in Arcadia Ego, Part 2","1x10","2020","NULL","NULL","NULL","NULL"
959,"PIC","Star Trek The Star Gazer","2x01","2022","NULL","NULL","NULL","NULL"
960,"PIC","Star Trek Penance","2x02","2022","NULL","NULL","NULL","NULL"
961,"PIC","Star Trek Assimilation","2x03","2022","NULL","NULL","NULL","NULL"
962,"PIC","Star Trek Watcher","2x04","2022","NULL","NULL","NULL","NULL"
963,"PIC","Star Trek Fly Me to the Moon","2x05","2022","NULL","NULL","NULL","NULL"
964,"PIC","Star Trek Two of One","2x06","2022","NULL","NULL","NULL","NULL"
965,"PIC","Star Trek Monsters","2x07","2022","NULL","NULL","NULL","NULL"
966,"PIC","Mercy","2x08","2022","NULL","NULL","NULL","NULL"
967,"PIC","Star Trek Hide and Seek","2x09","2022","NULL","NULL","NULL","NULL"
968,"PIC","Star Trek Farewell","2x10","2022","NULL","NULL","NULL","NULL"
969,"VOY","Star Trek Living Witness","4x23","1998","NULL","NULL","NULL","NULL"
970,"DIS","Star Trek That Hope Is You","3x01","2020","NULL","NULL","NULL","NULL"
971,"DIS","Star Trek Far from Home","3x02","2020","NULL","NULL","NULL","NULL"
972,"DIS","Star Trek People of Earth","3x03","2020","NULL","NULL","NULL","NULL"
973,"DIS","Star Trek Forget Me Not","3x04","2020","NULL","NULL","NULL","NULL"
974,"DIS","Star Trek Die Trying","3x05","2020","NULL","NULL","NULL","NULL"
975,"DIS","Star Trek Scavengers","3x06","2020","NULL","NULL","NULL","NULL"
976,"DIS","Star Trek Unification III","3x07","2020","NULL","NULL","NULL","NULL"
977,"DIS","Star Trek The Sanctuary","3x08","2020","NULL","NULL","NULL","NULL"
978,"DIS","Terra Firma","3x09","2020","NULL","NULL","NULL","NULL"
979,"DIS","Terra Firma (1)","3x09","2020","NULL","NULL","NULL","NULL"
980,"DIS","Terra Firma (2)","3x10","2020","NULL","NULL","NULL","NULL"
981,"DIS","Terra Firma, Part 1","3x09","2020","NULL","NULL","NULL","NULL"
982,"DIS","Terra Firma, Part 2","3x10","2020","NULL","NULL","NULL","NULL"
983,"DIS","Star Trek Su'Kal","3x11","2020","NULL","NULL","NULL","NULL"
984,"DIS","Star Trek There is a Tide…","3x12","2020","NULL","NULL","NULL","NULL"
985,"DIS","Star Trek That Hope Is You","3x13","2021","NULL","NULL","NULL","NULL"
986,"DIS","Star Trek Kobayashi Maru","4x01","2021","NULL","NULL","NULL","NULL"
987,"DIS","Star Trek Anomaly","4x02","2021","NULL","NULL","NULL","NULL"
988,"DIS","Star Trek Choose to Live","4x03","2021","NULL","NULL","NULL","NULL"
989,"DIS","Star Trek All Is Possible","4x04","2021","NULL","NULL","NULL","NULL"
990,"DIS","Star Trek The Examples","4x05","2021","NULL","NULL","NULL","NULL"
991,"DIS","Star Trek Stormy Weather","4x06","2021","NULL","NULL","NULL","NULL"
992,"DIS","Star Trek …But to Connect","4x07","2021","NULL","NULL","NULL","NULL"
993,"DIS","Star Trek All In","4x08","2022","NULL","NULL","NULL","NULL"
994,"DIS","Star Trek Rubicon","4x09","2022","NULL","NULL","NULL","NULL"
995,"DIS","Star Trek The Galactic Barrier","4x10","2022","NULL","NULL","NULL","NULL"
996,"DIS","Star Trek Rosetta","4x11","2022","NULL","NULL","NULL","NULL"
997,"DIS","Star Trek Species Ten-C","4x12","2022","NULL","NULL","NULL","NULL"
998,"DIS","Star Trek Coming Home","4x13","2022","NULL","NULL","NULL","NULL"
999,"STS","Star Trek Calypso ","1x02","2018","NULL","NULL","NULL","NULL"
